condition,group,year,term,human_coef,llm_coef,interaction_est,pval,sig,sign_flip
A_generic_llm,thermometer_jews,2016,racethblack,0.003134842397566562,0.16252531900666023,0.15939047660909367,0.9310557895234197,FALSE,FALSE
A_generic_llm,thermometer_jews,2016,racethHispanic,-0.37292446117126576,0.40692497209489,0.7798494332661557,0.6282096089850133,FALSE,FALSE
A_generic_llm,thermometer_jews,2016,age,0.9269396819439365,0.02724466538694481,-0.8996950165569917,0.0723338266207556,FALSE,FALSE
A_generic_llm,thermometer_jews,2016,gendermale,-5.762642517966076,-0.09542099934045378,5.667221518625622,5.873769728483101e-11,TRUE,FALSE
A_generic_llm,thermometer_jews,2016,ideo3Moderate,-7.17668875124856,-0.17119846267169958,7.00549028857686,6.00712374930015e-9,TRUE,FALSE
A_generic_llm,thermometer_jews,2016,ideo3Conservative,-3.328588519436341,-0.2865780470812629,3.042010472355078,0.016811625271806317,TRUE,FALSE
A_generic_llm,thermometer_jews,2016,pidIndependent,-1.032060226184203,0.21595289798000405,1.248013124164207,0.26959432538342204,FALSE,FALSE
A_generic_llm,thermometer_jews,2016,pidRepublican,-0.7352526479749754,0.43135525878417413,1.1666079067591495,0.4097438377965178,FALSE,FALSE
A_generic_llm,thermometer_jews,2016,income,0.01597997362884107,0.011125653368628141,-0.00485432026021293,0.9926405327950312,FALSE,FALSE
A_generic_llm,thermometer_jews,2016,educationSome college,0.7309594008559096,0.00797663744681576,-0.7229827634090938,0.5448449312572872,FALSE,FALSE
A_generic_llm,thermometer_jews,2016,educationBA or more,2.1539961583516263,-0.045139501778402646,-2.199135660130029,0.05340032419497095,FALSE,FALSE
A_generic_llm,thermometer_jews,2016,regisunregistered,-8.5508961012547,0.5018135061909632,9.052709607445664,1.0288300982000329e-6,TRUE,TRUE
A_generic_llm,thermometer_jews,2016,interestsometimes,2.5797946281512805,0.08550550704694615,-2.4942891211043343,0.5422436344740276,FALSE,FALSE
A_generic_llm,thermometer_jews,2016,interestfrequently,5.2867884486795615,0.09917040521329223,-5.187618043466269,0.20496858383707245,FALSE,FALSE
A_generic_llm,thermometer_jews,2016,interestregularly,6.604407230786499,0.1102194556840228,-6.494187775102477,0.11038639837991905,FALSE,FALSE
A_generic_llm,thermometer_jews,2016,interestalways,9.215016988185544,0.17051715683257562,-9.044499831352969,0.028555585969485913,TRUE,FALSE
A_generic_llm,thermometer_jews,2016,marstsingle,-0.15350179257865193,-0.29435253071267553,-0.1408507381340236,0.9129468948210446,FALSE,FALSE
A_generic_llm,thermometer_jews,2016,marstdivorced,-1.3052336645027593,0.058154420181178335,1.3633880846839377,0.2917849323516123,FALSE,FALSE
A_generic_llm,thermometer_jews,2016,marstwidowed,-1.3469104814403345,-0.19175045828427217,1.1551600231560624,0.5223867690259525,FALSE,FALSE
A_generic_llm,thermometer_jews,2016,marstseparated,0.3584366146090048,0.10404973652264005,-0.25438687808636473,0.9402372941073758,FALSE,FALSE
A_generic_llm,thermometer_jews,2020,racethblack,-6.7090150020246355,0.008294863874832359,6.717309865899468,6.55249617151048e-7,TRUE,TRUE
A_generic_llm,thermometer_jews,2020,racethHispanic,0.5721056785199337,-0.20930755564763315,-0.7814132341675668,0.5024016108430124,FALSE,FALSE
A_generic_llm,thermometer_jews,2020,age,1.1657058777120501,0.01217251023288557,-1.1535333674791646,0.0014342666422080595,TRUE,FALSE
A_generic_llm,thermometer_jews,2020,gendermale,-3.684857528768568,0.011017859740261926,3.69587538850883,2.186731565836997e-9,TRUE,TRUE
A_generic_llm,thermometer_jews,2020,ideo3Moderate,-2.8273038608553365,0.07411406132733278,2.9014179221826693,0.0013324968484786032,TRUE,TRUE
A_generic_llm,thermometer_jews,2020,ideo3Conservative,-0.504908064520199,0.027679977463230254,0.5325880419834292,0.5949684448298548,FALSE,FALSE
A_generic_llm,thermometer_jews,2020,pidIndependent,-3.990332176098259,0.004368361807306709,3.994700537905566,2.198990416399971e-6,TRUE,TRUE
A_generic_llm,thermometer_jews,2020,pidRepublican,-2.994883904742113,0.02790371720922291,3.022787621951336,0.0047758682698120555,TRUE,TRUE
A_generic_llm,thermometer_jews,2020,income,0.4223317091232992,-0.039142021031880025,-0.46147373015517923,0.16608292602591807,FALSE,FALSE
A_generic_llm,thermometer_jews,2020,educationSome college,3.156640168599086,0.1475298875777984,-3.0091102810212877,0.001004369863071571,TRUE,FALSE
A_generic_llm,thermometer_jews,2020,educationBA or more,4.519645161892999,0.15627862742470366,-4.3633665344682955,1.6997800134801115e-7,TRUE,FALSE
A_generic_llm,thermometer_jews,2020,regisunregistered,-3.767662027996249,-0.07031933986500549,3.6973426881312434,0.07186556151719711,FALSE,FALSE
A_generic_llm,thermometer_jews,2020,interestsometimes,-6.923093061917871,0.07788783821287915,7.000980900130751,0.11459322256678038,FALSE,FALSE
A_generic_llm,thermometer_jews,2020,interestfrequently,-2.9132864148475734,-0.10653410452203893,2.8067523103255345,0.5244828109237638,FALSE,FALSE
A_generic_llm,thermometer_jews,2020,interestregularly,-1.5824879773352571,-0.021339888347179592,1.5611480889880776,0.7213920913010244,FALSE,FALSE
A_generic_llm,thermometer_jews,2020,interestalways,0.8840652725421213,0.009513059579713157,-0.8745522129624081,0.842359845974493,FALSE,FALSE
A_generic_llm,thermometer_jews,2020,marstsingle,-1.3465924120360082,0.023400568926852827,1.369992980962861,0.14550823516962147,FALSE,FALSE
A_generic_llm,thermometer_jews,2020,marstdivorced,-1.21439067332485,0.005320161152848613,1.2197108344776986,0.1926448504963834,FALSE,FALSE
A_generic_llm,thermometer_jews,2020,marstwidowed,0.06774700722449456,0.01303096630535272,-0.05471604091914184,0.9626239235124375,FALSE,FALSE
A_generic_llm,thermometer_jews,2020,marstseparated,-1.397713449988899,-0.17235821484824498,1.225355235140654,0.6399610883014855,FALSE,FALSE
A_generic_llm,thermometer_muslims,2016,racethblack,4.830627927928148,-0.1855413768227283,-5.016169304750877,0.006178304116386845,TRUE,TRUE
A_generic_llm,thermometer_muslims,2016,racethHispanic,0.34023780471222564,0.2325900452869858,-0.10764775942523985,0.9495576009459058,FALSE,FALSE
A_generic_llm,thermometer_muslims,2016,age,-0.649916376065857,-0.07964671144814484,0.5702696646177121,0.29345463921373294,FALSE,FALSE
A_generic_llm,thermometer_muslims,2016,gendermale,-3.240639375792666,-0.13428997205276572,3.1063494037399004,0.0011551554253656352,TRUE,FALSE
A_generic_llm,thermometer_muslims,2016,ideo3Moderate,-7.542755143810482,-0.11604825154974652,7.426706892260736,7.408597719466355e-10,TRUE,FALSE
A_generic_llm,thermometer_muslims,2016,ideo3Conservative,-12.570668769011927,-0.11798837691694253,12.452680392094985,4.582998068693916e-19,TRUE,FALSE
A_generic_llm,thermometer_muslims,2016,pidIndependent,-1.4018963712506693,0.029036738255112216,1.4309331095057816,0.2171127061609447,FALSE,FALSE
A_generic_llm,thermometer_muslims,2016,pidRepublican,-9.66837046041843,0.07126797462840351,9.739638435046833,9.076755122142016e-11,TRUE,TRUE
A_generic_llm,thermometer_muslims,2016,income,0.8147469792023377,0.0032946842376123664,-0.8114522949647254,0.1600984211966569,FALSE,FALSE
A_generic_llm,thermometer_muslims,2016,educationSome college,1.779895682758214,-0.09742520073527539,-1.8773208834934894,0.14302388096607885,FALSE,FALSE
A_generic_llm,thermometer_muslims,2016,educationBA or more,6.0932330676311395,-0.13113844697106192,-6.224371514602201,4.233687442310246e-7,TRUE,TRUE
A_generic_llm,thermometer_muslims,2016,regisunregistered,-5.464752459341702,-0.27523905432890583,5.1895134050127965,0.007211193660313615,TRUE,FALSE
A_generic_llm,thermometer_muslims,2016,interestsometimes,-2.8480715317008243,0.4692912633493953,3.3173627950502196,0.4751299051508605,FALSE,FALSE
A_generic_llm,thermometer_muslims,2016,interestfrequently,-0.20446864857604652,0.3214813121592175,0.525949960735264,0.9093445677274901,FALSE,FALSE
A_generic_llm,thermometer_muslims,2016,interestregularly,1.4205366628654257,0.3784914772093837,-1.042045185656042,0.8207447737025191,FALSE,FALSE
A_generic_llm,thermometer_muslims,2016,interestalways,1.1732294615214431,0.22346277070892984,-0.9497666908125133,0.8387149846904619,FALSE,FALSE
A_generic_llm,thermometer_muslims,2016,marstsingle,0.7626400961474564,-0.10879038153577181,-0.8714304776832282,0.5270846378378762,FALSE,FALSE
A_generic_llm,thermometer_muslims,2016,marstdivorced,-3.1920827571738153,0.18772331373236106,3.3798060709061764,0.020459771240522843,TRUE,TRUE
A_generic_llm,thermometer_muslims,2016,marstwidowed,-0.21085612879331728,-0.14676965087202043,0.06408647792129685,0.97402041498932,FALSE,FALSE
A_generic_llm,thermometer_muslims,2016,marstseparated,-4.387657280633668,-0.09056420792045827,4.29709307271321,0.3927038633231271,FALSE,FALSE
A_generic_llm,thermometer_muslims,2020,racethblack,2.4381368259354526,0.2553052818181105,-2.182831544117342,0.09684523521766863,FALSE,FALSE
A_generic_llm,thermometer_muslims,2020,racethHispanic,3.1601635165534905,-0.26052486501145244,-3.420688381564943,0.005681119067391856,TRUE,TRUE
A_generic_llm,thermometer_muslims,2020,age,-2.7294498113090637,0.011457613293954783,2.7409074246030185,7.554506846292014e-12,TRUE,TRUE
A_generic_llm,thermometer_muslims,2020,gendermale,-4.29589159073248,-0.06536678747462243,4.2305248032578575,1.593234333141509e-10,TRUE,FALSE
A_generic_llm,thermometer_muslims,2020,ideo3Moderate,-5.012340124702902,-0.10528739875538573,4.9070527259475165,7.647037042820147e-8,TRUE,FALSE
A_generic_llm,thermometer_muslims,2020,ideo3Conservative,-12.337102382240452,0.003649496672554875,12.340751878913007,4.005217940174918e-30,TRUE,TRUE
A_generic_llm,thermometer_muslims,2020,pidIndependent,-5.067592402453194,0.027684027117036436,5.09527642957023,7.526735202842664e-9,TRUE,TRUE
A_generic_llm,thermometer_muslims,2020,pidRepublican,-12.055674424459752,0.046818298378854095,12.102492722838607,2.5854001586357643e-25,TRUE,TRUE
A_generic_llm,thermometer_muslims,2020,income,0.6722312757057292,-0.01846490283144453,-0.6906961785371737,0.06915523904307799,FALSE,FALSE
A_generic_llm,thermometer_muslims,2020,educationSome college,2.5666895601704476,0.08302458903399268,-2.483664971136455,0.009892454273476174,TRUE,FALSE
A_generic_llm,thermometer_muslims,2020,educationBA or more,5.189712360653644,0.04876306476372694,-5.140949295889917,1.2860938483621738e-8,TRUE,FALSE
A_generic_llm,thermometer_muslims,2020,regisunregistered,-2.276454742560368,0.00395771809063028,2.2804124606509983,0.26808359912536034,FALSE,FALSE
A_generic_llm,thermometer_muslims,2020,interestsometimes,-10.276084529463,0.9976706790531349,11.273755208516135,0.042593903041155214,TRUE,TRUE
A_generic_llm,thermometer_muslims,2020,interestfrequently,-7.235520639646378,0.9150469119894922,8.15056755163587,0.14120583543582477,FALSE,FALSE
A_generic_llm,thermometer_muslims,2020,interestregularly,-6.973100625922946,0.9330042154538454,7.906104841376791,0.15242104591721625,FALSE,FALSE
A_generic_llm,thermometer_muslims,2020,interestalways,-5.547927171569684,0.8524611561671644,6.400388327736849,0.24939407774097666,FALSE,FALSE
A_generic_llm,thermometer_muslims,2020,marstsingle,-0.6617356172941822,-0.08931851997455098,0.5724170973196312,0.568299286550737,FALSE,FALSE
A_generic_llm,thermometer_muslims,2020,marstdivorced,-1.5974295899537991,-0.14350613040167248,1.4539234595521267,0.14878690870756078,FALSE,FALSE
A_generic_llm,thermometer_muslims,2020,marstwidowed,1.3240485667917934,-0.04230962693273632,-1.3663581937245297,0.27477826196323046,FALSE,FALSE
A_generic_llm,thermometer_muslims,2020,marstseparated,0.3561814720473748,-0.44450288537411353,-0.8006843574214884,0.7556850307163749,FALSE,FALSE
A_generic_llm,thermometer_liberals,2016,racethblack,2.763006004552631,-0.08989455934883495,-2.852900563901466,0.11518406382648681,FALSE,FALSE
A_generic_llm,thermometer_liberals,2016,racethHispanic,3.617157719724571,-0.2683735846582973,-3.885531304382868,0.013161407772168253,TRUE,TRUE
A_generic_llm,thermometer_liberals,2016,age,0.17553764866869778,-0.04131297894322419,-0.21685062761192198,0.6535765028829367,FALSE,FALSE
A_generic_llm,thermometer_liberals,2016,gendermale,-3.8309487408204848,0.07729433856526491,3.9082430793857497,3.171779906034767e-6,TRUE,TRUE
A_generic_llm,thermometer_liberals,2016,ideo3Moderate,-16.309415918674407,-0.01272342982473873,16.29669248884967,1.1623853747712272e-47,TRUE,FALSE
A_generic_llm,thermometer_liberals,2016,ideo3Conservative,-35.72410000125174,-0.08549357692136539,35.638606424330376,1.4730170323805813e-152,TRUE,FALSE
A_generic_llm,thermometer_liberals,2016,pidIndependent,-7.582892930275518,-0.12563709288246816,7.45725583739305,7.009933296918301e-12,TRUE,FALSE
A_generic_llm,thermometer_liberals,2016,pidRepublican,-14.215239301592568,-0.08833200869627156,14.126907292896297,1.820927118968785e-24,TRUE,FALSE
A_generic_llm,thermometer_liberals,2016,income,0.12482066241269552,0.01595076224911729,-0.10886990016357823,0.8330141146466197,FALSE,FALSE
A_generic_llm,thermometer_liberals,2016,educationSome college,0.450483079012158,0.030210896854608427,-0.4202721821575496,0.7199784144364587,FALSE,FALSE
A_generic_llm,thermometer_liberals,2016,educationBA or more,2.749308011196737,0.021933507999780666,-2.7273745031969563,0.015209038199623924,TRUE,FALSE
A_generic_llm,thermometer_liberals,2016,regisunregistered,-0.13736769665765622,-0.03924791748727033,0.09811977917038589,0.9564200695220467,FALSE,FALSE
A_generic_llm,thermometer_liberals,2016,interestsometimes,1.8778910629100753,0.3984930045534756,-1.4793980583565998,0.711073190369816,FALSE,FALSE
A_generic_llm,thermometer_liberals,2016,interestfrequently,2.4194010611220627,0.06818286617427738,-2.3512181949477853,0.5562788986796809,FALSE,FALSE
A_generic_llm,thermometer_liberals,2016,interestregularly,1.8530578273098124,0.18601075855593008,-1.6670470687538823,0.6757299367531764,FALSE,FALSE
A_generic_llm,thermometer_liberals,2016,interestalways,1.8729270533203906,0.31208811377698065,-1.56083893954341,0.698784070904832,FALSE,FALSE
A_generic_llm,thermometer_liberals,2016,marstsingle,1.3542283230409444,0.2691017214790288,-1.0851266015619156,0.3639316863364508,FALSE,FALSE
A_generic_llm,thermometer_liberals,2016,marstdivorced,1.4715942095949126,0.22614817073236582,-1.2454460388625468,0.32104332137688685,FALSE,FALSE
A_generic_llm,thermometer_liberals,2016,marstwidowed,-2.405250932657585,0.32134361733549843,2.7265945499930835,0.13013645312590538,FALSE,FALSE
A_generic_llm,thermometer_liberals,2016,marstseparated,-2.245071398756302,-0.21063713773732928,2.0344342610189727,0.5864728382691975,FALSE,FALSE
A_generic_llm,thermometer_liberals,2020,racethblack,0.44527389741861256,-0.2407450069571211,-0.6860189043757337,0.6108756272481677,FALSE,FALSE
A_generic_llm,thermometer_liberals,2020,racethHispanic,3.624631361980046,-0.015453684404145296,-3.640085046384191,0.0024023760191580427,TRUE,TRUE
A_generic_llm,thermometer_liberals,2020,age,1.266207547944464,-0.03488178066085723,-1.3010893286053213,3.486447219038582e-4,TRUE,TRUE
A_generic_llm,thermometer_liberals,2020,gendermale,-2.156178423157781,0.06319591909075983,2.219374342248541,2.871806030971747e-4,TRUE,TRUE
A_generic_llm,thermometer_liberals,2020,ideo3Moderate,-14.759427787661982,0.028420993435947395,14.78784878109793,6.239677106671369e-65,TRUE,TRUE
A_generic_llm,thermometer_liberals,2020,ideo3Conservative,-33.02629390136454,0.02846841242757847,33.05476231379212,2.447102944822689e-191,TRUE,TRUE
A_generic_llm,thermometer_liberals,2020,pidIndependent,-10.934319444552441,-0.10318301909160787,10.831136425460834,4.327851365533006e-40,TRUE,FALSE
A_generic_llm,thermometer_liberals,2020,pidRepublican,-22.648127557265543,0.08207581224548832,22.73020336951103,7.426808124228164e-86,TRUE,TRUE
A_generic_llm,thermometer_liberals,2020,income,1.0219453290721623,-0.019607026959125085,-1.0415523560312874,0.0020867022516896133,TRUE,TRUE
A_generic_llm,thermometer_liberals,2020,educationSome college,2.783758241799643,0.013083947163414322,-2.770674294636229,0.0026835257393515335,TRUE,FALSE
A_generic_llm,thermometer_liberals,2020,educationBA or more,4.024392817037309,0.06828489175114116,-3.9561079252861675,3.975205281391883e-6,TRUE,FALSE
A_generic_llm,thermometer_liberals,2020,regisunregistered,2.261629181722773,0.20808102176234655,-2.0535481599604264,0.34289360005688785,FALSE,FALSE
A_generic_llm,thermometer_liberals,2020,interestsometimes,-8.035459189597297,0.23866856894932376,8.274127758546621,0.06387912237116647,FALSE,FALSE
A_generic_llm,thermometer_liberals,2020,interestfrequently,-7.373273725914947,0.17253832538519198,7.545812051300139,0.08891412179175016,FALSE,FALSE
A_generic_llm,thermometer_liberals,2020,interestregularly,-6.767957104730122,0.14637979187994077,6.914336896610063,0.11705349850040067,FALSE,FALSE
A_generic_llm,thermometer_liberals,2020,interestalways,-7.643942982339813,0.08794430083862093,7.731887283178434,0.08176169642557202,FALSE,FALSE
A_generic_llm,thermometer_liberals,2020,marstsingle,3.0810333060340005,-0.015602499778049506,-3.09663580581205,8.964041796538482e-4,TRUE,TRUE
A_generic_llm,thermometer_liberals,2020,marstdivorced,2.1851925825622636,-0.0969654123007575,-2.282157994863021,0.013684946370418696,TRUE,TRUE
A_generic_llm,thermometer_liberals,2020,marstwidowed,4.287147625877017,0.06240250350858645,-4.2247451223684305,7.155538755227411e-4,TRUE,FALSE
A_generic_llm,thermometer_liberals,2020,marstseparated,2.45718075179623,-0.14798723230661892,-2.6051679841028488,0.20882907102228102,FALSE,FALSE
A_generic_llm,thermometer_conservatives,2016,racethblack,-0.5838443364734367,-0.18028674319778037,0.4035575932756563,0.821992730809499,FALSE,FALSE
A_generic_llm,thermometer_conservatives,2016,racethHispanic,1.4950179577852372,-0.0947361354459395,-1.5897540932311767,0.3137463140350526,FALSE,FALSE
A_generic_llm,thermometer_conservatives,2016,age,1.661587298176484,0.0015715317169824328,-1.6600157664595017,4.561687904344025e-4,TRUE,FALSE
A_generic_llm,thermometer_conservatives,2016,gendermale,-2.926227118626721,-0.323500215851769,2.6027269027749518,0.0016131925180210298,TRUE,FALSE
A_generic_llm,thermometer_conservatives,2016,ideo3Moderate,14.627167434183386,0.09476111852708513,-14.532406315656301,1.0445326338106784e-31,TRUE,FALSE
A_generic_llm,thermometer_conservatives,2016,ideo3Conservative,30.72444550747194,-0.05015247221863817,-30.77459797969058,2.0892319552584363e-112,TRUE,TRUE
A_generic_llm,thermometer_conservatives,2016,pidIndependent,6.624378433343108,0.17132063975942735,-6.453057793583681,3.050134287759791e-8,TRUE,FALSE
A_generic_llm,thermometer_conservatives,2016,pidRepublican,14.692507001111853,0.12957035492182634,-14.562936646190026,7.811161404340765e-28,TRUE,FALSE
A_generic_llm,thermometer_conservatives,2016,income,-0.4309466412193599,-0.03336823734420458,0.3975784038751553,0.44023091911821766,FALSE,FALSE
A_generic_llm,thermometer_conservatives,2016,educationSome college,-1.148111281619094,-0.268259103241844,0.8798521783772499,0.44033649837748456,FALSE,FALSE
A_generic_llm,thermometer_conservatives,2016,educationBA or more,-2.827563133327864,-0.31920048801049106,2.508362645317373,0.022011303112972905,TRUE,FALSE
A_generic_llm,thermometer_conservatives,2016,regisunregistered,-1.7974738572457287,0.15360032956114034,1.951074186806869,0.2958182597243989,FALSE,FALSE
A_generic_llm,thermometer_conservatives,2016,interestsometimes,10.070028284100866,0.5860737766468773,-9.483954507453989,0.04655938973561324,TRUE,FALSE
A_generic_llm,thermometer_conservatives,2016,interestfrequently,7.810200534119049,0.6880553285099404,-7.122145205609108,0.13477174750198087,FALSE,FALSE
A_generic_llm,thermometer_conservatives,2016,interestregularly,9.909237241137514,0.9095327469952039,-8.99970449414231,0.05775802699288393,FALSE,FALSE
A_generic_llm,thermometer_conservatives,2016,interestalways,10.219451753687947,0.8232989717592858,-9.396152781928661,0.04980858512662675,TRUE,FALSE
A_generic_llm,thermometer_conservatives,2016,marstsingle,1.6983177145778252,-0.2028527152471704,-1.9011704298249956,0.14045015998964241,FALSE,FALSE
A_generic_llm,thermometer_conservatives,2016,marstdivorced,1.8335945111758765,-0.2699927516022438,-2.1035872627781202,0.08910963271737692,FALSE,FALSE
A_generic_llm,thermometer_conservatives,2016,marstwidowed,0.5219138404749657,-0.23009897953766423,-0.7520128200126299,0.6532635708371778,FALSE,FALSE
A_generic_llm,thermometer_conservatives,2016,marstseparated,-0.5429508981305844,0.04585028638598487,0.5888011845165693,0.8474990676572178,FALSE,FALSE
A_generic_llm,thermometer_conservatives,2020,racethblack,4.464618475894769,-0.18389684632730052,-4.648515322222069,0.0012877739974827577,TRUE,TRUE
A_generic_llm,thermometer_conservatives,2020,racethHispanic,0.2923558991188143,-0.027783947315357715,-0.32013984643417204,0.7911650277267933,FALSE,FALSE
A_generic_llm,thermometer_conservatives,2020,age,2.5910343700238334,0.02175077626011701,-2.5692835937637164,5.04397516649018e-12,TRUE,FALSE
A_generic_llm,thermometer_conservatives,2020,gendermale,-1.598941832861276,-0.055369069439255014,1.5435727634220209,0.011758587155738066,TRUE,FALSE
A_generic_llm,thermometer_conservatives,2020,ideo3Moderate,13.233216591095509,-0.0015388643084328635,-13.234755455403942,3.2642017121661604e-43,TRUE,TRUE
A_generic_llm,thermometer_conservatives,2020,ideo3Conservative,30.390202303211453,-0.0510391668130481,-30.4412414700245,2.7058825020312725e-174,TRUE,TRUE
A_generic_llm,thermometer_conservatives,2020,pidIndependent,6.24178844347452,-0.0029130207923451223,-6.244701464266865,3.800772779989814e-12,TRUE,TRUE
A_generic_llm,thermometer_conservatives,2020,pidRepublican,18.857139192589084,-0.08988266618782248,-18.947021858776907,3.7081217236478475e-65,TRUE,TRUE
A_generic_llm,thermometer_conservatives,2020,income,-0.691810284411807,0.06461591260842403,0.7564261970202311,0.030391847729370296,TRUE,TRUE
A_generic_llm,thermometer_conservatives,2020,educationSome college,0.13040538279460828,0.04666887947104953,-0.08373650332355875,0.924867796624927,FALSE,FALSE
A_generic_llm,thermometer_conservatives,2020,educationBA or more,-2.2960477412986195,0.010691005665072417,2.306738746963692,0.004896448547394304,TRUE,TRUE
A_generic_llm,thermometer_conservatives,2020,regisunregistered,0.1320865905263245,0.19086260294546026,0.05877601241913577,0.9747457341373353,FALSE,FALSE
A_generic_llm,thermometer_conservatives,2020,interestsometimes,7.84047548814382,-0.750688888003161,-8.591164376146981,0.09572683896275115,FALSE,FALSE
A_generic_llm,thermometer_conservatives,2020,interestfrequently,7.304466744519776,-0.6820544979303316,-7.986521242450108,0.11977741918024996,FALSE,FALSE
A_generic_llm,thermometer_conservatives,2020,interestregularly,7.132286925250504,-0.8714268579214419,-8.003713783171946,0.11754922807494177,FALSE,FALSE
A_generic_llm,thermometer_conservatives,2020,interestalways,4.628436080194864,-0.7432945426634161,-5.37173062285828,0.29535316887874896,FALSE,FALSE
A_generic_llm,thermometer_conservatives,2020,marstsingle,-2.3669690300724993,0.012173216997369174,2.3791422470698684,0.01463249452698369,TRUE,TRUE
A_generic_llm,thermometer_conservatives,2020,marstdivorced,-0.397876834140114,-0.10315714830427725,0.29471968583583674,0.7471685923013388,FALSE,FALSE
A_generic_llm,thermometer_conservatives,2020,marstwidowed,0.677745130951751,-0.11233915713298215,-0.7900842880847332,0.5173337754054919,FALSE,FALSE
A_generic_llm,thermometer_conservatives,2020,marstseparated,0.8752107429145042,0.11700106808333999,-0.7582096748311642,0.7768322647155153,FALSE,FALSE
A_generic_llm,thermometer_gays_lesbians,2016,racethblack,-6.504516299016972,-0.06921384863518121,6.435302450381791,0.007419223363444073,TRUE,FALSE
A_generic_llm,thermometer_gays_lesbians,2016,racethHispanic,-1.8104823679679467,0.07217100304886115,1.8826533710168079,0.32292927530312665,FALSE,FALSE
A_generic_llm,thermometer_gays_lesbians,2016,age,-3.5901593963173015,0.0926710602433296,3.682830456560631,4.695164497268398e-10,TRUE,TRUE
A_generic_llm,thermometer_gays_lesbians,2016,gendermale,-7.335550875633077,-0.006740206707387841,7.328810668925689,3.1896663640101203e-13,TRUE,FALSE
A_generic_llm,thermometer_gays_lesbians,2016,ideo3Moderate,-12.169341947427084,0.08811866703769766,12.257460614464781,3.2116282466261374e-19,TRUE,TRUE
A_generic_llm,thermometer_gays_lesbians,2016,ideo3Conservative,-20.60590257211666,0.03788227113171416,20.643784843248373,2.374109738513445e-39,TRUE,TRUE
A_generic_llm,thermometer_gays_lesbians,2016,pidIndependent,-1.8875133018535273,-0.11167019931945243,1.7758431025340748,0.1673260163560578,FALSE,FALSE
A_generic_llm,thermometer_gays_lesbians,2016,pidRepublican,-7.870086229947854,-0.06956555405239051,7.800520675895464,5.175972768388643e-6,TRUE,FALSE
A_generic_llm,thermometer_gays_lesbians,2016,income,2.7365667466234687,-0.028507740460239184,-2.765074487083708,5.232441052565055e-6,TRUE,TRUE
A_generic_llm,thermometer_gays_lesbians,2016,educationSome college,2.2746518717069004,0.024860732896345272,-2.249791138810555,0.1112771066391563,FALSE,FALSE
A_generic_llm,thermometer_gays_lesbians,2016,educationBA or more,4.436380724718599,-0.14169640121477567,-4.578077125933374,5.163598026722782e-4,TRUE,TRUE
A_generic_llm,thermometer_gays_lesbians,2016,regisunregistered,-4.955353859091484,-0.11034083996024968,4.845013019131234,0.04720813319156109,TRUE,FALSE
A_generic_llm,thermometer_gays_lesbians,2016,interestsometimes,2.0231112681653722,0.4990820804197902,-1.524029187745582,0.7509831648071126,FALSE,FALSE
A_generic_llm,thermometer_gays_lesbians,2016,interestfrequently,2.3645428777863584,0.2849989140029212,-2.079543963783437,0.66523701461306,FALSE,FALSE
A_generic_llm,thermometer_gays_lesbians,2016,interestregularly,6.148172171434157,0.30151547599542283,-5.8466566954387345,0.2212498837474245,FALSE,FALSE
A_generic_llm,thermometer_gays_lesbians,2016,interestalways,6.39287889453332,0.09723502077305923,-6.295643873760261,0.1927520549705654,FALSE,FALSE
A_generic_llm,thermometer_gays_lesbians,2016,marstsingle,5.16612853259069,-0.024642782617383396,-5.190771315208074,4.316609130313688e-4,TRUE,TRUE
A_generic_llm,thermometer_gays_lesbians,2016,marstdivorced,0.013229452191599211,0.16111691285986973,0.14788746066827052,0.9214265556777324,FALSE,FALSE
A_generic_llm,thermometer_gays_lesbians,2016,marstwidowed,2.892809325469526,-0.3749708549161217,-3.267780180385648,0.1396076009966807,FALSE,FALSE
A_generic_llm,thermometer_gays_lesbians,2016,marstseparated,3.427018631200127,-0.29894626591625695,-3.725964897116384,0.36781895935077713,FALSE,FALSE
A_generic_llm,thermometer_gays_lesbians,2020,racethblack,-10.216414347682395,0.1498941218739951,10.36630846955639,1.7474433300396336e-12,TRUE,TRUE
A_generic_llm,thermometer_gays_lesbians,2020,racethHispanic,-0.41069176706716076,-0.2548347914525508,0.15585697561460998,0.9065325066391631,FALSE,FALSE
A_generic_llm,thermometer_gays_lesbians,2020,age,-3.6484111010059777,-0.010605227230502834,3.637805873775475,7.465965514952234e-19,TRUE,FALSE
A_generic_llm,thermometer_gays_lesbians,2020,gendermale,-6.874739583755644,-0.0031289404310710367,6.871610643324573,5.976420586152307e-23,TRUE,FALSE
A_generic_llm,thermometer_gays_lesbians,2020,ideo3Moderate,-7.924187686515348,0.04300330129968799,7.967190987815036,6.953421552166531e-17,TRUE,TRUE
A_generic_llm,thermometer_gays_lesbians,2020,ideo3Conservative,-16.761249549962983,0.10061460709083292,16.861864157053816,1.0215727059105488e-48,TRUE,TRUE
A_generic_llm,thermometer_gays_lesbians,2020,pidIndependent,-5.333762695157581,-0.05293061748717243,5.280832077670409,4.286712620735354e-9,TRUE,FALSE
A_generic_llm,thermometer_gays_lesbians,2020,pidRepublican,-12.554521555815333,-0.05022374828674536,12.504297807528587,3.5586899467441917e-23,TRUE,FALSE
A_generic_llm,thermometer_gays_lesbians,2020,income,1.9602604063052966,-0.060815786700241015,-2.0210761930055376,3.4602008141071796e-7,TRUE,TRUE
A_generic_llm,thermometer_gays_lesbians,2020,educationSome college,3.0230293159167623,-0.05243463433791096,-3.0754639502546732,0.003512696477104884,TRUE,TRUE
A_generic_llm,thermometer_gays_lesbians,2020,educationBA or more,5.009845289718887,-0.06660157245345033,-5.076446862172338,1.8289240401087408e-7,TRUE,TRUE
A_generic_llm,thermometer_gays_lesbians,2020,regisunregistered,-2.7321188178032116,-0.0694204213975338,2.662698396405678,0.2340351856519541,FALSE,FALSE
A_generic_llm,thermometer_gays_lesbians,2020,interestsometimes,-6.923504747100278,1.883134488239138,8.806639235339416,0.0802726540128107,FALSE,FALSE
A_generic_llm,thermometer_gays_lesbians,2020,interestfrequently,-2.890767401614931,1.6638207428362604,4.554588144451191,0.36292237919633563,FALSE,FALSE
A_generic_llm,thermometer_gays_lesbians,2020,interestregularly,-1.7365307477285963,1.7251302687351837,3.46166101646378,0.48697326676321673,FALSE,FALSE
A_generic_llm,thermometer_gays_lesbians,2020,interestalways,-0.07129789813398346,1.6240608334379023,1.6953587315718857,0.7351184829497501,FALSE,FALSE
A_generic_llm,thermometer_gays_lesbians,2020,marstsingle,2.498075968425264,0.07802558997932207,-2.420050378445942,0.01708932014347999,TRUE,FALSE
A_generic_llm,thermometer_gays_lesbians,2020,marstdivorced,1.0155362329990063,0.014644457507940967,-1.0008917754910653,0.3456599136355323,FALSE,FALSE
A_generic_llm,thermometer_gays_lesbians,2020,marstwidowed,2.686777336059168,0.09282862822462112,-2.5939487078345467,0.0642437061395797,FALSE,FALSE
A_generic_llm,thermometer_gays_lesbians,2020,marstseparated,2.695746538912843,-0.3954692555382877,-3.0912157944511307,0.3055737256715964,FALSE,FALSE
A_generic_llm,thermometer_asian_americans,2016,racethblack,2.188610185995084,0.08620504127375828,-2.1024051447213257,0.30182326481394683,FALSE,FALSE
A_generic_llm,thermometer_asian_americans,2016,racethHispanic,1.6643240355177265,0.6632833879895348,-1.0010406475281917,0.5300342479272165,FALSE,FALSE
A_generic_llm,thermometer_asian_americans,2016,age,0.18045831428534237,0.002682227782616453,-0.17777608650272592,0.7174969675244198,FALSE,FALSE
A_generic_llm,thermometer_asian_americans,2016,gendermale,-1.9949339951606582,-0.2642419720248357,1.7306920231358225,0.041350060440441753,TRUE,FALSE
A_generic_llm,thermometer_asian_americans,2016,ideo3Moderate,-4.501702500483249,-0.1815608170708991,4.32014168341235,2.3019802285396978e-4,TRUE,FALSE
A_generic_llm,thermometer_asian_americans,2016,ideo3Conservative,-3.3063663745070695,-0.3246898011039101,2.9816765734031594,0.020441526928544947,TRUE,FALSE
A_generic_llm,thermometer_asian_americans,2016,pidIndependent,0.41015384088926465,0.19459488047922274,-0.2155589604100419,0.8513520537836512,FALSE,FALSE
A_generic_llm,thermometer_asian_americans,2016,pidRepublican,-1.535752186163048,0.3850956858113399,1.920847871974388,0.16983800185968517,FALSE,FALSE
A_generic_llm,thermometer_asian_americans,2016,income,1.4899219414687996,-0.053427810901991,-1.5433497523707906,0.0021307472013319846,TRUE,TRUE
A_generic_llm,thermometer_asian_americans,2016,educationSome college,1.8767828460898002,-0.03437855215030594,-1.9111613982401061,0.10499687303820182,FALSE,FALSE
A_generic_llm,thermometer_asian_americans,2016,educationBA or more,3.777789554630714,0.06315795520249967,-3.7146315994282144,5.534727325775056e-4,TRUE,FALSE
A_generic_llm,thermometer_asian_americans,2016,regisunregistered,-4.553886411032642,0.3153315857542678,4.86921799678691,0.0085498813538972,TRUE,TRUE
A_generic_llm,thermometer_asian_americans,2016,interestsometimes,-1.510537876644793,-0.646980212970957,0.863557663673836,0.8385272746560224,FALSE,FALSE
A_generic_llm,thermometer_asian_americans,2016,interestfrequently,0.23154204372328802,-0.6295743477449844,-0.8611163914682725,0.8378124895319135,FALSE,FALSE
A_generic_llm,thermometer_asian_americans,2016,interestregularly,2.858351016821737,-0.4280049511199113,-3.2863559679416485,0.4336270197954689,FALSE,FALSE
A_generic_llm,thermometer_asian_americans,2016,interestalways,3.8774045008965263,-0.49387206827235897,-4.371276569168885,0.3026399859841948,FALSE,FALSE
A_generic_llm,thermometer_asian_americans,2016,marstsingle,3.399579813996771,-0.09867903421504698,-3.498258848211818,0.005385140375097946,TRUE,TRUE
A_generic_llm,thermometer_asian_americans,2016,marstdivorced,0.36736287258465694,0.22201744926578826,-0.14534542331886868,0.9056566233419903,FALSE,FALSE
A_generic_llm,thermometer_asian_americans,2016,marstwidowed,2.2501060805975275,-0.11898655335523589,-2.3690926339527634,0.1687433758619685,FALSE,FALSE
A_generic_llm,thermometer_asian_americans,2016,marstseparated,-6.330343613400686,0.1787399720003009,6.509083585400987,0.11178971623344207,FALSE,FALSE
A_generic_llm,thermometer_asian_americans,2020,racethblack,-4.668239266710854,0.5458238546711591,5.214063121382013,0.00775537635444249,TRUE,TRUE
A_generic_llm,thermometer_asian_americans,2020,racethHispanic,3.547959821573831,-0.28265295698719983,-3.8306127785610307,0.0172856956798237,TRUE,TRUE
A_generic_llm,thermometer_asian_americans,2020,age,-0.5033429062442787,0.12212986496776179,0.6254727712120405,0.19957696668086233,FALSE,FALSE
A_generic_llm,thermometer_asian_americans,2020,gendermale,-2.0871267338401345,-0.15047293746385715,1.9366537963762773,0.02405181526778026,TRUE,FALSE
A_generic_llm,thermometer_asian_americans,2020,ideo3Moderate,-1.8391835934475913,0.3934477821911888,2.23263137563878,0.06830627985566781,FALSE,FALSE
A_generic_llm,thermometer_asian_americans,2020,ideo3Conservative,-1.4619202518546714,0.432259953276215,1.8941802051308865,0.1763571115753028,FALSE,FALSE
A_generic_llm,thermometer_asian_americans,2020,pidIndependent,-3.3967742735933335,0.13867919985852328,3.535453473451857,0.002517110557276467,TRUE,TRUE
A_generic_llm,thermometer_asian_americans,2020,pidRepublican,-6.456731134708217,-0.01810155760174581,6.438629577106471,1.4280092343041e-5,TRUE,FALSE
A_generic_llm,thermometer_asian_americans,2020,income,0.36950827836089717,-0.011846242595841883,-0.38135452095673905,0.4118163440229944,FALSE,FALSE
A_generic_llm,thermometer_asian_americans,2020,educationSome college,4.105821735801136,0.2767169567978618,-3.8291047790032744,0.002244488962083343,TRUE,FALSE
A_generic_llm,thermometer_asian_americans,2020,educationBA or more,5.607801111935078,0.27814900659089226,-5.329652105344186,4.47773885745562e-6,TRUE,FALSE
A_generic_llm,thermometer_asian_americans,2020,regisunregistered,-1.2098798019307921,0.14548817177549633,1.3553679737062885,0.6737776433354039,FALSE,FALSE
A_generic_llm,thermometer_asian_americans,2020,interestsometimes,-4.811377253989529,-1.0466737381566817,3.7647035158328475,0.5068871055534077,FALSE,FALSE
A_generic_llm,thermometer_asian_americans,2020,interestfrequently,-3.741618818143638,-0.9255744565121615,2.8160443616314765,0.6169255885286266,FALSE,FALSE
A_generic_llm,thermometer_asian_americans,2020,interestregularly,-3.0392111494893035,-0.9670876724517852,2.0721234770375183,0.7102043311662909,FALSE,FALSE
A_generic_llm,thermometer_asian_americans,2020,interestalways,0.524934451673341,-0.8542289187030376,-1.3791633703763786,0.8056435064185397,FALSE,FALSE
A_generic_llm,thermometer_asian_americans,2020,marstsingle,-1.5067368390418547,0.4412014248329186,1.9479382638747733,0.14601411654240068,FALSE,FALSE
A_generic_llm,thermometer_asian_americans,2020,marstdivorced,-1.2184073024527748,-0.03790670393314066,1.1805005985196342,0.35958961289029023,FALSE,FALSE
A_generic_llm,thermometer_asian_americans,2020,marstwidowed,-0.22075297424765772,-0.4047556725602224,-0.18400269831256466,0.9106102665476056,FALSE,FALSE
A_generic_llm,thermometer_asian_americans,2020,marstseparated,-1.5168766146844916,0.04200997867607725,1.558886593360569,0.6416741344710156,FALSE,FALSE
A_generic_llm,thermometer_black_americans,2016,racethblack,16.47595708935415,-0.09237127572077242,-16.568328365074922,1.1969636026409572e-25,TRUE,TRUE
A_generic_llm,thermometer_black_americans,2016,racethHispanic,2.2884339306158363,0.45662526551664895,-1.8318086650991874,0.2762330941962793,FALSE,FALSE
A_generic_llm,thermometer_black_americans,2016,age,-0.40227730188598904,0.07128951043335635,0.4735668123193454,0.35144674979326074,FALSE,FALSE
A_generic_llm,thermometer_black_americans,2016,gendermale,-3.9197541465409174,-0.1619554657747222,3.757798680766195,1.0617053903373754e-5,TRUE,FALSE
A_generic_llm,thermometer_black_americans,2016,ideo3Moderate,-4.736770327767932,-0.09094721562567543,4.645823112142256,4.35377190480921e-5,TRUE,FALSE
A_generic_llm,thermometer_black_americans,2016,ideo3Conservative,-3.840455698401771,-0.2417551767927688,3.5987005216090022,0.00392143594159641,TRUE,FALSE
A_generic_llm,thermometer_black_americans,2016,pidIndependent,-2.2296873754766224,0.08262611720615576,2.312313492682778,0.03606996170378803,TRUE,TRUE
A_generic_llm,thermometer_black_americans,2016,pidRepublican,-5.251766210425732,0.2042124178117266,5.4559786282374585,6.645940932828052e-5,TRUE,TRUE
A_generic_llm,thermometer_black_americans,2016,income,0.760787131062282,-0.019649331677609183,-0.7804364627398912,0.12643336332857186,FALSE,FALSE
A_generic_llm,thermometer_black_americans,2016,educationSome college,1.1472602851622837,-0.026651690797626193,-1.17391197595991,0.3116901453360055,FALSE,FALSE
A_generic_llm,thermometer_black_americans,2016,educationBA or more,1.7310440147999027,-0.002665548180807553,-1.7337095629807102,0.10703708989992648,FALSE,FALSE
A_generic_llm,thermometer_black_americans,2016,regisunregistered,-5.014488944508303,0.3273346457167561,5.341823590225059,0.003936861254551496,TRUE,TRUE
A_generic_llm,thermometer_black_americans,2016,interestsometimes,7.999382775903374,0.11871849285968228,-7.880664283043692,0.04296481855472305,TRUE,FALSE
A_generic_llm,thermometer_black_americans,2016,interestfrequently,8.632451925291377,0.19735769819823723,-8.43509422709314,0.028631902721191045,TRUE,FALSE
A_generic_llm,thermometer_black_americans,2016,interestregularly,11.272068568747567,0.3128997845407504,-10.959168784206817,0.004129333000365538,TRUE,FALSE
A_generic_llm,thermometer_black_americans,2016,interestalways,12.601412474332454,0.1004001060883386,-12.501012368244115,0.0012451918905134023,TRUE,FALSE
A_generic_llm,thermometer_black_americans,2016,marstsingle,1.7699790751972517,-0.05014915115558827,-1.82012822635284,0.1553597707600177,FALSE,FALSE
A_generic_llm,thermometer_black_americans,2016,marstdivorced,-0.5473652461829599,0.22009287059222293,0.7674581167751828,0.5354950342319109,FALSE,FALSE
A_generic_llm,thermometer_black_americans,2016,marstwidowed,-0.2582772953145609,-0.21960562229770453,0.03867167301685637,0.9831990148071231,FALSE,FALSE
A_generic_llm,thermometer_black_americans,2016,marstseparated,-10.654647604508533,0.3550762104134222,11.009723814921955,0.003604521368737629,TRUE,TRUE
A_generic_llm,thermometer_black_americans,2020,racethblack,12.226276202537669,0.03368654297228879,-12.19258965956538,9.176925759151149e-29,TRUE,FALSE
A_generic_llm,thermometer_black_americans,2020,racethHispanic,3.7718170417819272,-0.15021733781839286,-3.92203437960032,4.492359603551736e-4,TRUE,TRUE
A_generic_llm,thermometer_black_americans,2020,age,-0.6623067598104061,0.022907546729617145,0.6852143065400232,0.04999341645820814,TRUE,TRUE
A_generic_llm,thermometer_black_americans,2020,gendermale,-4.893909843325293,0.12386259482939455,5.0177724381546875,1.9713227722297206e-17,TRUE,TRUE
A_generic_llm,thermometer_black_americans,2020,ideo3Moderate,-4.113625201215312,0.11429085961490149,4.227916060830213,3.269758163208881e-7,TRUE,TRUE
A_generic_llm,thermometer_black_americans,2020,ideo3Conservative,-4.124024064862661,0.0664643896192878,4.190488454481949,8.131215381751599e-6,TRUE,TRUE
A_generic_llm,thermometer_black_americans,2020,pidIndependent,-3.625968431832637,-0.018355714184963734,3.6076127176476733,3.741438505050147e-6,TRUE,FALSE
A_generic_llm,thermometer_black_americans,2020,pidRepublican,-5.501237314133006,-0.04034658289595772,5.460890731237049,7.262779110602784e-8,TRUE,FALSE
A_generic_llm,thermometer_black_americans,2020,income,0.12734531655097125,-0.02021171933264032,-0.14755703588361158,0.6465232538829957,FALSE,FALSE
A_generic_llm,thermometer_black_americans,2020,educationSome college,2.314147686069087,0.1231056545006659,-2.191042031568421,0.010785516721862795,TRUE,FALSE
A_generic_llm,thermometer_black_americans,2020,educationBA or more,3.388833825066366,0.11101940010329736,-3.2778144249630685,3.528613126164274e-5,TRUE,FALSE
A_generic_llm,thermometer_black_americans,2020,regisunregistered,-2.5454509610597915,-0.1791750382094719,2.3662759228503196,0.24080408444859552,FALSE,FALSE
A_generic_llm,thermometer_black_americans,2020,interestsometimes,-1.4204437824928995,0.544363599120405,1.9648073816133045,0.6668025826027142,FALSE,FALSE
A_generic_llm,thermometer_black_americans,2020,interestfrequently,0.37655793562149187,0.4745635976422502,0.09800566202075833,0.9828213826918336,FALSE,FALSE
A_generic_llm,thermometer_black_americans,2020,interestregularly,0.7981452243480613,0.5008347711899326,-0.29731045315812876,0.947595084580598,FALSE,FALSE
A_generic_llm,thermometer_black_americans,2020,interestalways,2.6726790653680768,0.4716712822877849,-2.201007783080292,0.6281925895380447,FALSE,FALSE
A_generic_llm,thermometer_black_americans,2020,marstsingle,-0.5049808754135712,0.04318204852212526,0.5481629239356964,0.5415128244812468,FALSE,FALSE
A_generic_llm,thermometer_black_americans,2020,marstdivorced,-0.5033745238872407,-0.05800357056604222,0.44537095332119847,0.611794461053282,FALSE,FALSE
A_generic_llm,thermometer_black_americans,2020,marstwidowed,0.5722630257115022,-0.009534939053595703,-0.5817979647650979,0.6149096502389932,FALSE,FALSE
A_generic_llm,thermometer_black_americans,2020,marstseparated,-0.22864887198957717,0.10294023226202853,0.3315891042516057,0.8941378359312502,FALSE,FALSE
A_generic_llm,thermometer_white_americans,2016,racethblack,-5.045251896045091,0.09626064070080886,5.1415125367459,0.011403327801354144,TRUE,TRUE
A_generic_llm,thermometer_white_americans,2016,racethHispanic,-3.5187204888729022,0.5274869698558193,4.046207458728722,0.012616239665087403,TRUE,TRUE
A_generic_llm,thermometer_white_americans,2016,age,1.8910553610529253,0.038726489103075634,-1.8523288719498496,1.2581087283956158e-4,TRUE,FALSE
A_generic_llm,thermometer_white_americans,2016,gendermale,-3.8453785465539707,-0.3803546149852779,3.465023931568693,2.419142590061062e-5,TRUE,FALSE
A_generic_llm,thermometer_white_americans,2016,ideo3Moderate,0.8469246546268691,-0.24861877547730182,-1.0955434301041709,0.35581805023091506,FALSE,FALSE
A_generic_llm,thermometer_white_americans,2016,ideo3Conservative,2.2115693404641,-0.3431881702259014,-2.5547575106900013,0.03934935732596991,TRUE,TRUE
A_generic_llm,thermometer_white_americans,2016,pidIndependent,-0.11392236753992299,0.46529904653676846,0.5792214140766915,0.6059165747689612,FALSE,FALSE
A_generic_llm,thermometer_white_americans,2016,pidRepublican,1.6414964765544624,0.3876367988510776,-1.2538596777033848,0.3359730069478254,FALSE,FALSE
A_generic_llm,thermometer_white_americans,2016,income,0.8345375277430822,0.028796172970595002,-0.8057413547724872,0.09907129165640445,FALSE,FALSE
A_generic_llm,thermometer_white_americans,2016,educationSome college,-0.43903966688899676,-0.1640282985289513,0.27501136836004547,0.812671543745723,FALSE,FALSE
A_generic_llm,thermometer_white_americans,2016,educationBA or more,-0.3382896860634622,-0.19155595357287158,0.14673373249059063,0.8884610269994965,FALSE,FALSE
A_generic_llm,thermometer_white_americans,2016,regisunregistered,-1.0561954722893496,0.26117071674252923,1.3173661890318789,0.49391873213160875,FALSE,FALSE
A_generic_llm,thermometer_white_americans,2016,interestsometimes,8.141891765084537,0.3374359447837687,-7.804455820300769,0.04211762380561152,TRUE,FALSE
A_generic_llm,thermometer_white_americans,2016,interestfrequently,6.295279726891669,0.522002553421526,-5.773277173470143,0.1316665464290222,FALSE,FALSE
A_generic_llm,thermometer_white_americans,2016,interestregularly,7.987729704514884,0.7322849438037524,-7.255444760711131,0.057739088801958126,FALSE,FALSE
A_generic_llm,thermometer_white_americans,2016,interestalways,8.241858808617037,0.5219132702601055,-7.7199455383569315,0.04603293335549188,TRUE,FALSE
A_generic_llm,thermometer_white_americans,2016,marstsingle,1.296516074340107,-0.27997571822796985,-1.5764917925680768,0.20303125030250352,FALSE,FALSE
A_generic_llm,thermometer_white_americans,2016,marstdivorced,2.1103934579447494,0.33120658563112704,-1.7791868723136224,0.13921018690845438,FALSE,FALSE
A_generic_llm,thermometer_white_americans,2016,marstwidowed,-1.1040274266000472,-0.3083933783267998,0.7956340482732474,0.6762653998955972,FALSE,FALSE
A_generic_llm,thermometer_white_americans,2016,marstseparated,-0.20312307596930168,0.27852443050190345,0.48164750647120513,0.8839171193815583,FALSE,FALSE
A_generic_llm,thermometer_white_americans,2020,racethblack,-2.807275957540285,0.2341165539799861,3.041392511520271,0.03416806125587956,TRUE,TRUE
A_generic_llm,thermometer_white_americans,2020,racethHispanic,0.8396728754254366,-0.2614351167314666,-1.1011079921569031,0.35755746436091607,FALSE,FALSE
A_generic_llm,thermometer_white_americans,2020,age,3.120369937319782,0.11226426473636275,-3.008105672583419,1.1304425068046428e-16,TRUE,FALSE
A_generic_llm,thermometer_white_americans,2020,gendermale,-2.2005487434412987,-0.01357677645186195,2.1869719669894367,3.3596151472867447e-4,TRUE,FALSE
A_generic_llm,thermometer_white_americans,2020,ideo3Moderate,2.4491650038242687,0.12774833193054835,-2.3214166718937204,0.008946469053638195,TRUE,FALSE
A_generic_llm,thermometer_white_americans,2020,ideo3Conservative,3.6228084245519865,-0.01571203920422093,-3.6385204637562074,2.335651358735802e-4,TRUE,TRUE
A_generic_llm,thermometer_white_americans,2020,pidIndependent,-0.769844121700603,0.09985108055273939,0.8696952022533424,0.3106670370360896,FALSE,FALSE
A_generic_llm,thermometer_white_americans,2020,pidRepublican,1.1501910728475695,0.06678698878255829,-1.0834040840650112,0.30542045118072225,FALSE,FALSE
A_generic_llm,thermometer_white_americans,2020,income,0.3017806025783343,0.04189418492948338,-0.2598864176488509,0.43502975174226655,FALSE,FALSE
A_generic_llm,thermometer_white_americans,2020,educationSome college,2.153594008290922,0.30618868206997973,-1.8474053262209424,0.03448676711867487,TRUE,FALSE
A_generic_llm,thermometer_white_americans,2020,educationBA or more,2.30810003470908,0.3015696476006502,-2.00653038710843,0.012748294852077638,TRUE,FALSE
A_generic_llm,thermometer_white_americans,2020,regisunregistered,-0.7129596374607144,0.371292605011032,1.0842522424717465,0.6048621336684886,FALSE,FALSE
A_generic_llm,thermometer_white_americans,2020,interestsometimes,-3.90436697821764,0.015597507853201353,3.919964486070841,0.3590443218715036,FALSE,FALSE
A_generic_llm,thermometer_white_americans,2020,interestfrequently,-2.309823235521005,0.10502460941536418,2.4148478449363693,0.5708231760971563,FALSE,FALSE
A_generic_llm,thermometer_white_americans,2020,interestregularly,-4.230327404259109,-0.0750207893306376,4.155306614928471,0.32631062860189497,FALSE,FALSE
A_generic_llm,thermometer_white_americans,2020,interestalways,-3.7579747974134423,0.1244174196550678,3.88239221706851,0.3617134247743654,FALSE,FALSE
A_generic_llm,thermometer_white_americans,2020,marstsingle,-2.83520569754257,-0.05415811877422927,2.781047578768341,0.0037159424631897017,TRUE,FALSE
A_generic_llm,thermometer_white_americans,2020,marstdivorced,-0.49430724270620807,-0.13584136858398743,0.35846587412222064,0.6905121133106207,FALSE,FALSE
A_generic_llm,thermometer_white_americans,2020,marstwidowed,0.25032103546999007,-0.3721340040647574,-0.6224550395347475,0.6059510346673185,FALSE,FALSE
A_generic_llm,thermometer_white_americans,2020,marstseparated,-3.160989810509676,0.22475556539464492,3.385745375904321,0.1456857234320865,FALSE,FALSE
A_generic_llm,thermometer_democratic_party,2016,racethblack,10.046117721793474,-0.17316025840592886,-10.219277980199402,2.2107066915395602e-7,TRUE,TRUE
A_generic_llm,thermometer_democratic_party,2016,racethHispanic,9.410016701807983,0.1151090055661701,-9.294907696241813,2.3405702888976598e-7,TRUE,FALSE
A_generic_llm,thermometer_democratic_party,2016,age,0.4727043748799147,-0.01899356840812777,-0.49169794328804245,0.34343277928411975,FALSE,FALSE
A_generic_llm,thermometer_democratic_party,2016,gendermale,-1.3641413099776423,0.18213015752394068,1.546271467501583,0.0764178364601115,FALSE,FALSE
A_generic_llm,thermometer_democratic_party,2016,ideo3Moderate,-7.852728792777767,0.13228071079725012,7.985009503575017,4.0305077641436667e-10,TRUE,TRUE
A_generic_llm,thermometer_democratic_party,2016,ideo3Conservative,-21.612795685554563,0.14644067818182194,21.759236363736385,7.73731754366182e-49,TRUE,TRUE
A_generic_llm,thermometer_democratic_party,2016,pidIndependent,-23.608925778575063,-0.17434183598233588,23.434583942592727,9.066883378588488e-75,TRUE,FALSE
A_generic_llm,thermometer_democratic_party,2016,pidRepublican,-34.61271115358828,-0.315763997528542,34.29694715605974,9.944636765060495e-98,TRUE,FALSE
A_generic_llm,thermometer_democratic_party,2016,income,-0.32766936380677125,0.0029693381599719126,0.33063870196674316,0.5303441753359004,FALSE,FALSE
A_generic_llm,thermometer_democratic_party,2016,educationSome college,0.853069475587921,0.014645454488888654,-0.8384240210990324,0.4970902221478911,FALSE,FALSE
A_generic_llm,thermometer_democratic_party,2016,educationBA or more,1.508929929384207,-0.045850736107691636,-1.5547806654918985,0.18813496987795253,FALSE,FALSE
A_generic_llm,thermometer_democratic_party,2016,regisunregistered,1.712875380267171,-0.23817189014548967,-1.9510472704126607,0.37808992110417594,FALSE,FALSE
A_generic_llm,thermometer_democratic_party,2016,interestsometimes,8.49670881942911,-0.15643566422787636,-8.653144483656986,0.11024997078323387,FALSE,FALSE
A_generic_llm,thermometer_democratic_party,2016,interestfrequently,6.044337236735304,-0.41874035659530673,-6.463077593330611,0.23457470710888917,FALSE,FALSE
A_generic_llm,thermometer_democratic_party,2016,interestregularly,6.465202794432407,-0.5513117787869772,-7.016514573219384,0.1953816099353514,FALSE,FALSE
A_generic_llm,thermometer_democratic_party,2016,interestalways,4.68435194118033,-0.34670727046918426,-5.031059211649514,0.35766421808542415,FALSE,FALSE
A_generic_llm,thermometer_democratic_party,2016,marstsingle,2.5225144364501593,0.16695070004310875,-2.3555637364070505,0.07094835677471441,FALSE,FALSE
A_generic_llm,thermometer_democratic_party,2016,marstdivorced,0.20866995403001765,0.2140404007733312,0.0053704467433135505,0.9968868941548605,FALSE,FALSE
A_generic_llm,thermometer_democratic_party,2016,marstwidowed,4.698664774873213,0.3193200069453157,-4.379344767927897,0.025113818786590567,TRUE,FALSE
A_generic_llm,thermometer_democratic_party,2016,marstseparated,-2.97711171635477,-0.19104588734957417,2.786065829005196,0.5040787544784615,FALSE,FALSE
A_generic_llm,thermometer_democratic_party,2020,racethblack,11.468865873602429,-0.13173702971973889,-11.600602903322168,2.107925215573962e-22,TRUE,TRUE
A_generic_llm,thermometer_democratic_party,2020,racethHispanic,7.246205685158103,0.3591183464824619,-6.8870873386756415,1.3689097619947563e-9,TRUE,FALSE
A_generic_llm,thermometer_democratic_party,2020,age,1.9320706001263765,0.09798564632291429,-1.8340849538034623,1.7137926294739522e-7,TRUE,FALSE
A_generic_llm,thermometer_democratic_party,2020,gendermale,-1.7185239419396106,0.02144266998338651,1.739966611922997,0.0018723437970518564,TRUE,TRUE
A_generic_llm,thermometer_democratic_party,2020,ideo3Moderate,-6.265907603180447,-0.0811427576305297,6.184764845549918,3.821939985859039e-13,TRUE,FALSE
A_generic_llm,thermometer_democratic_party,2020,ideo3Conservative,-26.357566772253957,0.07618202075869007,26.433748793012647,1.8979961106774373e-125,TRUE,TRUE
A_generic_llm,thermometer_democratic_party,2020,pidIndependent,-23.17704604151711,-0.04518903167021193,23.131857009846897,2.7167420744613704e-158,TRUE,FALSE
A_generic_llm,thermometer_democratic_party,2020,pidRepublican,-37.12060976471948,-0.03427943690414992,37.08633032781533,2.303231045834868e-214,TRUE,FALSE
A_generic_llm,thermometer_democratic_party,2020,income,0.20375839230580606,0.017541934142097815,-0.18621645816370824,0.5539062318307,FALSE,FALSE
A_generic_llm,thermometer_democratic_party,2020,educationSome college,-0.3596129701947633,-0.06791318040723843,0.29169978978752487,0.7216948710645559,FALSE,FALSE
A_generic_llm,thermometer_democratic_party,2020,educationBA or more,0.76761985870509,-0.047007961247915175,-0.81462781995300515,0.28697762119622017,FALSE,FALSE
A_generic_llm,thermometer_democratic_party,2020,regisunregistered,-0.2806199401897271,0.055143422718894664,0.33576336290862174,0.7181519215591343,FALSE,FALSE
A_generic_llm,thermometer_democratic_party,2020,interestsometimes,-5.3572612088884375,0.06888526287390917,5.426146471762347,0.2425986712429475,FALSE,FALSE
A_generic_llm,thermometer_democratic_party,2020,interestfrequently,-6.773526602924391,-0.22901862940351148,6.544507973520879,0.15687740500139216,FALSE,FALSE
A_generic_llm,thermometer_democratic_party,2020,interestregularly,-6.718737731955413,-0.14026971248975428,6.578468019465658,0.1526830609885915,FALSE,FALSE
A_generic_llm,thermometer_democratic_party,2020,interestalways,-7.4160868143519885,-0.1623033109644485,7.25378350338754,0.11618632622041149,FALSE,FALSE
A_generic_llm,thermometer_democratic_party,2020,marstsingle,0.7429941174242174,0.17702871396676523,-0.5659654034574522,0.5109001257943528,FALSE,FALSE
A_generic_llm,thermometer_democratic_party,2020,marstdivorced,1.4687220846207416,-0.05110579670646853,-1.5198278813272101,0.08662844468648566,FALSE,FALSE
A_generic_llm,thermometer_democratic_party,2020,marstwidowed,3.6450693007137156,0.17670694466054337,-3.4683623560531722,0.0032601892749024065,TRUE,FALSE
A_generic_llm,thermometer_democratic_party,2020,marstseparated,4.216198051771023,-0.445441015858286,-4.661639067629309,0.06383741034847011,FALSE,FALSE
A_generic_llm,thermometer_republican_party,2016,racethblack,-8.105103011086332,2.4868995751603507e-13,8.10510301108658,7.077831964010954e-6,TRUE,TRUE
A_generic_llm,thermometer_republican_party,2016,racethHispanic,-0.7145923781811869,1.2156942119645464e-13,0.7145923781813085,0.6868576360407426,FALSE,FALSE
A_generic_llm,thermometer_republican_party,2016,age,-0.06603569982318613,1.1668443988810395e-13,0.06603569982330282,0.9003305955015737,FALSE,FALSE
A_generic_llm,thermometer_republican_party,2016,gendermale,-2.6627122499144167,2.540190280342358e-13,2.6627122499146707,0.0027895736561773326,TRUE,TRUE
A_generic_llm,thermometer_republican_party,2016,ideo3Moderate,10.866781491136509,-8.704148513061227e-14,-10.866781491136596,1.6705923442969073e-17,TRUE,TRUE
A_generic_llm,thermometer_republican_party,2016,ideo3Conservative,17.22735841932328,-3.552713678800501e-13,-17.227358419323636,6.498364189121943e-35,TRUE,TRUE
A_generic_llm,thermometer_republican_party,2016,pidIndependent,9.993550922125529,0,-9.993550922125529,2.164208509560582e-16,TRUE,TRUE
A_generic_llm,thermometer_republican_party,2016,pidRepublican,29.875088652982022,9.592326932761353e-14,-29.875088652981926,1.087807905602699e-81,TRUE,FALSE
A_generic_llm,thermometer_republican_party,2016,income,-1.1951271774529084,1.5210055437364645e-13,1.1951271774530605,0.03288039530280268,TRUE,TRUE
A_generic_llm,thermometer_republican_party,2016,educationSome college,0.3807682583505463,-6.483702463810914e-14,-0.3807682583506111,0.76505759622825,FALSE,FALSE
A_generic_llm,thermometer_republican_party,2016,educationBA or more,-3.130644277031723,-8.43769498715119e-14,3.1306442770316387,0.008689664071324512,TRUE,FALSE
A_generic_llm,thermometer_republican_party,2016,regisunregistered,1.7811362342819714,-5.686562332130052e-13,-1.78113623428254,0.3484898215893556,FALSE,FALSE
A_generic_llm,thermometer_republican_party,2016,interestsometimes,9.339381366001927,-6.9260153168215766e-12,-9.339381366008853,0.10184472998259264,FALSE,FALSE
A_generic_llm,thermometer_republican_party,2016,interestfrequently,9.734804680112353,-1.2537526572486968e-11,-9.73480468012489,0.08840990567654212,FALSE,FALSE
A_generic_llm,thermometer_republican_party,2016,interestregularly,8.241661097607235,-1.9166890297128703e-12,-8.241661097609152,0.14687160816471878,FALSE,FALSE
A_generic_llm,thermometer_republican_party,2016,interestalways,4.32262180581697,-4.1033842990145786e-12,-4.322621805821074,0.44960513066169694,FALSE,FALSE
A_generic_llm,thermometer_republican_party,2016,marstsingle,-1.107397392456372,3.2507330161024584e-13,1.107397392456697,0.40832620101903716,FALSE,FALSE
A_generic_llm,thermometer_republican_party,2016,marstdivorced,-1.3064072405174159,1.2434497875801753e-13,1.3064072405175402,0.337569621084989,FALSE,FALSE
A_generic_llm,thermometer_republican_party,2016,marstwidowed,2.560826512919625,8.393286066166183e-14,-2.560826512919541,0.19142146488799422,FALSE,FALSE
A_generic_llm,thermometer_republican_party,2016,marstseparated,-3.1377599724730203,-1.1368683772161603e-13,3.1377599724729066,0.48642453760330373,FALSE,FALSE
A_generic_llm,thermometer_republican_party,2020,racethblack,-2.955262835800009,3.090860900556436e-13,2.955262835800318,0.01877150099590505,TRUE,TRUE
A_generic_llm,thermometer_republican_party,2020,racethHispanic,-1.1725554561610028,-7.771561172376096e-15,1.172555456160995,0.29410502432052527,FALSE,FALSE
A_generic_llm,thermometer_republican_party,2020,age,-0.18688307150680056,2.8033131371785203e-14,0.1868830715068286,0.5945663455128951,FALSE,FALSE
A_generic_llm,thermometer_republican_party,2020,gendermale,-2.598177092897141,-6.17284001691587e-14,2.598177092897079,7.324634761100069e-6,TRUE,FALSE
A_generic_llm,thermometer_republican_party,2020,ideo3Moderate,10.108016259888872,-3.872457909892546e-13,-10.10801625988926,1.46607796587126e-29,TRUE,TRUE
A_generic_llm,thermometer_republican_party,2020,ideo3Conservative,25.99783198805861,2.0250467969162855e-13,-25.997831988058408,2.267956478898093e-122,TRUE,FALSE
A_generic_llm,thermometer_republican_party,2020,pidIndependent,12.694692509094569,-1.7408297026122455e-13,-12.694692509094743,5.692146929605036e-50,TRUE,TRUE
A_generic_llm,thermometer_republican_party,2020,pidRepublican,37.36373127542055,2.0605739337042905e-13,-37.36373127542034,1.2284251548764437e-216,TRUE,FALSE
A_generic_llm,thermometer_republican_party,2020,income,-0.8363651433461319,7.394085344003543e-14,0.8363651433462058,0.009670097502216006,TRUE,TRUE
A_generic_llm,thermometer_republican_party,2020,educationSome college,-1.7844361766198982,8.193445921733655e-14,1.78443617661998,0.035886455760169925,TRUE,TRUE
A_generic_llm,thermometer_republican_party,2020,educationBA or more,-5.859009635614878,-2.8066438062523957e-13,5.859009635614598,3.535822056426903e-14,TRUE,FALSE
A_generic_llm,thermometer_republican_party,2020,regisunregistered,1.9585978542220654,-2.4558133304708463e-13,-1.958597854222311,0.03889386834360728,TRUE,TRUE
A_generic_llm,thermometer_republican_party,2020,interestsometimes,0.14259998272822427,6.133316077239215e-12,-0.14259998272209096,0.9790756481197512,FALSE,FALSE
A_generic_llm,thermometer_republican_party,2020,interestfrequently,0.5512937122172108,7.602807272633072e-12,-0.551293712209608,0.918877203028029,FALSE,FALSE
A_generic_llm,thermometer_republican_party,2020,interestregularly,-1.379764056248546,2.9558577807620168e-12,1.379764056251502,0.7981153529124763,FALSE,FALSE
A_generic_llm,thermometer_republican_party,2020,interestalways,-4.166400275049192,-8.120615291318245e-12,4.166400275041071,0.44155476846489505,FALSE,FALSE
A_generic_llm,thermometer_republican_party,2020,marstsingle,-2.6036964725977874,1.4432899320127035e-13,2.6036964725979317,0.002622844754584108,TRUE,TRUE
A_generic_llm,thermometer_republican_party,2020,marstdivorced,-1.6151402910638089,1.0480505352461478e-13,1.6151402910639137,0.0907595026587867,FALSE,FALSE
A_generic_llm,thermometer_republican_party,2020,marstwidowed,-0.5679447887695277,-5.861977570020827e-14,0.5679447887694691,0.6429504474990984,FALSE,FALSE
A_generic_llm,thermometer_republican_party,2020,marstseparated,-2.3492884689566154,1.1368683772161603e-13,2.349288468956729,0.3974740191623647,FALSE,FALSE
A_generic_llm,thermometer_christians,2016,racethblack,1.8768901076350795,0.27347740979123936,-1.60341269784384,0.524712705863862,FALSE,FALSE
A_generic_llm,thermometer_christians,2016,racethHispanic,0.3935451075135269,0.28291809656549094,-0.11062701094803597,0.9507707358711834,FALSE,FALSE
A_generic_llm,thermometer_christians,2016,age,2.6107058583290392,0.071615470743982,-2.5390903875850572,9.66635833290249e-6,TRUE,FALSE
A_generic_llm,thermometer_christians,2016,gendermale,-3.789071530053619,0.010452990531686357,3.7995245205853054,2.352316435903337e-4,TRUE,TRUE
A_generic_llm,thermometer_christians,2016,ideo3Moderate,5.847962941083267,-0.023129165078447755,-5.871092106161715,6.855992764573096e-5,TRUE,TRUE
A_generic_llm,thermometer_christians,2016,ideo3Conservative,10.609438962049671,-0.046240924017803664,-10.655679886067475,2.513279234633876e-12,TRUE,TRUE
A_generic_llm,thermometer_christians,2016,pidIndependent,0.9324518001546288,0.2688553725562055,-0.6635964275984233,0.6252253899885263,FALSE,FALSE
A_generic_llm,thermometer_christians,2016,pidRepublican,5.34890698988628,0.08856026480530854,-5.2603467250809715,0.0012258578968887663,TRUE,FALSE
A_generic_llm,thermometer_christians,2016,income,1.0439148581683815,0.16614662078768938,-0.8777682373806921,0.19717202063123077,FALSE,FALSE
A_generic_llm,thermometer_christians,2016,educationSome college,0.08662954362821801,0.10334694405857564,0.016717400430357632,0.9908853974722741,FALSE,FALSE
A_generic_llm,thermometer_christians,2016,educationBA or more,-0.6038446242385984,-0.10793317705214633,0.4959114471864521,0.7312525025142858,FALSE,FALSE
A_generic_llm,thermometer_christians,2016,regisunregistered,-3.512482084959435,0.2855240873894509,3.798006172348886,0.09055554942573679,FALSE,FALSE
A_generic_llm,thermometer_christians,2016,interestsometimes,-3.7728334768389757,-0.9227667255710728,2.850066751267903,0.38242558052104925,FALSE,FALSE
A_generic_llm,thermometer_christians,2016,interestfrequently,-3.405007900470899,-0.8115843985486864,2.5934235019222127,0.4313636598363785,FALSE,FALSE
A_generic_llm,thermometer_christians,2016,interestregularly,-4.968441618751415,-0.7508108079616651,4.21763081078975,0.19438732005756035,FALSE,FALSE
A_generic_llm,thermometer_christians,2016,interestalways,-5.097263792078712,-0.749384841984571,4.347878950094141,0.19667828604733845,FALSE,FALSE
A_generic_llm,thermometer_christians,2016,marstsingle,0.25574594222438485,0.006195693211395792,-0.24955024901298906,0.8595510411453305,FALSE,FALSE
A_generic_llm,thermometer_christians,2016,marstdivorced,-0.6449846496522897,0.05778902908127792,0.7027736787335677,0.6611669670302315,FALSE,FALSE
A_generic_llm,thermometer_christians,2016,marstwidowed,-1.4777150463504047,-0.14473503231313822,1.3329800140372665,0.5506309317059443,FALSE,FALSE
A_generic_llm,thermometer_christians,2016,marstseparated,1.9123883940686852,0.736815457973691,-1.1755729360949942,0.6472241159856931,FALSE,FALSE
A_generic_llm,thermometer_christians,2020,racethblack,11.048249592044048,0.058028999669872405,-10.990220592374175,9.191184234179268e-15,TRUE,FALSE
A_generic_llm,thermometer_christians,2020,racethHispanic,1.880916516098741,0.06939914567517613,-1.811517370423565,0.14160406158591557,FALSE,FALSE
A_generic_llm,thermometer_christians,2020,age,3.9485727982334256,0.060759845836299675,-3.887812952397126,6.964509591115002e-22,TRUE,FALSE
A_generic_llm,thermometer_christians,2020,gendermale,-3.877674959767309,0.016457599360644615,3.8941325591279536,5.4905613304864215e-9,TRUE,TRUE
A_generic_llm,thermometer_christians,2020,ideo3Moderate,9.827327721202154,0.11440847591076242,-9.712919245291392,2.3409785724947865e-21,TRUE,FALSE
A_generic_llm,thermometer_christians,2020,ideo3Conservative,17.987925831141446,-0.12734315136105678,-18.115268982502503,8.124775520343175e-61,TRUE,TRUE
A_generic_llm,thermometer_christians,2020,pidIndependent,-1.64877977309098,0.19803513498815195,1.8468149080791318,0.0617356455843567,FALSE,FALSE
A_generic_llm,thermometer_christians,2020,pidRepublican,6.738668571026454,0.14118043524143076,-6.5974881357850235,1.2207498955871069e-8,TRUE,FALSE
A_generic_llm,thermometer_christians,2020,income,-0.11791355724379105,0.0164445907063826,0.13435814795017365,0.7132933913732636,FALSE,FALSE
A_generic_llm,thermometer_christians,2020,educationSome college,-0.10324126892124369,0.19515171546236715,0.29839298438361084,0.7491226286571173,FALSE,FALSE
A_generic_llm,thermometer_christians,2020,educationBA or more,-0.5016105139309955,0.13644081414630327,0.6380513280772988,0.4515103384877608,FALSE,FALSE
A_generic_llm,thermometer_christians,2020,regisunregistered,-1.007668794405859,-0.06080339194526796,0.9468654024605911,0.6842418721535225,FALSE,FALSE
A_generic_llm,thermometer_christians,2020,interestsometimes,-3.7282335038443084,-0.4809224722113341,3.2473110316329743,0.4904024466353537,FALSE,FALSE
A_generic_llm,thermometer_christians,2020,interestfrequently,-5.057747838384386,-0.6247293725149348,4.433018465869451,0.344582814710537,FALSE,FALSE
A_generic_llm,thermometer_christians,2020,interestregularly,-4.84209511566107,-0.6065100132143844,4.235585102446685,0.362380148701796,FALSE,FALSE
A_generic_llm,thermometer_christians,2020,interestalways,-6.3204348975895215,-0.5813650221170814,5.73906987547244,0.2192172045826891,FALSE,FALSE
A_generic_llm,thermometer_christians,2020,marstsingle,-3.336867783094719,0.014248956551526692,3.351116739646246,0.0015940818058894786,TRUE,TRUE
A_generic_llm,thermometer_christians,2020,marstdivorced,-1.7387776631777663,-0.029590075199194654,1.7091875879785716,0.08827281575930698,FALSE,FALSE
A_generic_llm,thermometer_christians,2020,marstwidowed,-0.3124638125766346,0.15362517268549603,0.4660889852621306,0.7158012734644453,FALSE,FALSE
A_generic_llm,thermometer_christians,2020,marstseparated,-2.204291708924302,-0.15715484449276573,2.047136864431536,0.4247498230734562,FALSE,FALSE
B_persona_demographic,thermometer_jews,2016,racethblack,0.006954047167530231,1.1426102221559797,1.1356561749884495,0.5379734696140894,FALSE,FALSE
B_persona_demographic,thermometer_jews,2016,racethHispanic,-0.3635562829237251,0.307387234719409,0.6709435176431341,0.6697917512758595,FALSE,FALSE
B_persona_demographic,thermometer_jews,2016,age,0.9083705414011478,-0.03764282413563913,-0.9460133655367869,0.0570754111857126,FALSE,FALSE
B_persona_demographic,thermometer_jews,2016,gendermale,-5.772546924226831,-1.3143891219766024,4.458157802250229,2.0869870459892902e-7,TRUE,FALSE
B_persona_demographic,thermometer_jews,2016,ideo3Moderate,-7.2109736870618555,-3.054412653796515,4.156561033265341,5.33887759244311e-4,TRUE,FALSE
B_persona_demographic,thermometer_jews,2016,ideo3Conservative,-3.351602150145593,-2.641162756167384,0.7104393939782091,0.5733674183742483,FALSE,FALSE
B_persona_demographic,thermometer_jews,2016,pidIndependent,-1.0474326604564446,-3.339493673409554,-2.2920610129531096,0.042282571349167734,TRUE,FALSE
B_persona_demographic,thermometer_jews,2016,pidRepublican,-0.7672458260141395,-0.624825527778522,0.14242029823561753,0.9196842702298131,FALSE,FALSE
B_persona_demographic,thermometer_jews,2016,income,-7.80922497433556e-4,0.39431943318495155,0.3951003556823851,0.45439803620523866,FALSE,FALSE
B_persona_demographic,thermometer_jews,2016,educationSome college,0.7286740458813457,-0.00865724397552503,-0.7373312898568707,0.5331775671156829,FALSE,FALSE
B_persona_demographic,thermometer_jews,2016,educationBA or more,2.1020960354784863,0.9848207945060163,-1.11727524097247,0.3194986542005901,FALSE,FALSE
B_persona_demographic,thermometer_jews,2016,regisunregistered,-8.535613237514466,-1.2718496627714302,7.263763574743036,1.0700523859286292e-4,TRUE,FALSE
B_persona_demographic,thermometer_jews,2016,interestsometimes,2.5423264333705307,2.4985829206263355,-0.04374351274419519,0.9920434533156296,FALSE,FALSE
B_persona_demographic,thermometer_jews,2016,interestfrequently,5.299180206577842,3.3048687082222683,-1.9943114983555734,0.6480098104753573,FALSE,FALSE
B_persona_demographic,thermometer_jews,2016,interestregularly,6.589834319829534,3.6080384578143576,-2.9817958620151765,0.4930997050955128,FALSE,FALSE
B_persona_demographic,thermometer_jews,2016,interestalways,9.247751088873343,3.9743906764057115,-5.273360412467632,0.23120336963200264,FALSE,FALSE
B_persona_demographic,thermometer_jews,2016,marstsingle,-0.21281540041450375,0.003923739480796495,0.21673913989530025,0.8660840554254879,FALSE,FALSE
B_persona_demographic,thermometer_jews,2016,marstdivorced,-1.2912976580356865,-0.9793322360517607,0.31196542198392585,0.8083405437707546,FALSE,FALSE
B_persona_demographic,thermometer_jews,2016,marstwidowed,-1.3275404279811869,-0.8150658123516084,0.5124746156295785,0.7716210990151304,FALSE,FALSE
B_persona_demographic,thermometer_jews,2016,marstseparated,0.36869264617546094,-0.5993058715272213,-0.9679985177026822,0.7804781818306464,FALSE,FALSE
B_persona_demographic,thermometer_jews,2020,racethblack,-6.70597552598563,0.8700027363155538,7.5759782623011835,1.8677088033598754e-8,TRUE,TRUE
B_persona_demographic,thermometer_jews,2020,racethHispanic,0.614853756865858,0.19576654800481197,-0.419087208861046,0.715699563721327,FALSE,FALSE
B_persona_demographic,thermometer_jews,2020,age,1.1741515335424035,-0.340154598231597,-1.5143061317740005,2.8120710109675677e-5,TRUE,TRUE
B_persona_demographic,thermometer_jews,2020,gendermale,-3.6780872634675825,-1.3476527719999578,2.3304344914676247,1.5612581352970705e-4,TRUE,FALSE
B_persona_demographic,thermometer_jews,2020,ideo3Moderate,-2.8224628706783976,-3.2297008063648187,-0.4072379356864213,0.6516009613985144,FALSE,FALSE
B_persona_demographic,thermometer_jews,2020,ideo3Conservative,-0.5519225752963937,-3.053987243971524,-2.5020646686751302,0.012964423541861522,TRUE,FALSE
B_persona_demographic,thermometer_jews,2020,pidIndependent,-4.006507354243208,-3.5200278911494642,0.4864794630937441,0.562084315295676,FALSE,FALSE
B_persona_demographic,thermometer_jews,2020,pidRepublican,-3.0135585002164125,-1.256274670827811,1.7572838293886015,0.10088834329381188,FALSE,FALSE
B_persona_demographic,thermometer_jews,2020,income,0.42670434125373613,0.47586164711929,0.04915730586555389,0.8834730113334301,FALSE,FALSE
B_persona_demographic,thermometer_jews,2020,educationSome college,3.162436697148494,0.21753317299099972,-2.9449035241574943,0.0013472040615814045,TRUE,FALSE
B_persona_demographic,thermometer_jews,2020,educationBA or more,4.502058324327494,0.9969080804330153,-3.5051502438944784,2.801871027912113e-5,TRUE,FALSE
B_persona_demographic,thermometer_jews,2020,regisunregistered,-3.760871883726265,-1.1454566877676022,2.6154151959586627,0.21092758993592886,FALSE,FALSE
B_persona_demographic,thermometer_jews,2020,interestsometimes,-6.925488563420396,2.1467089680811426,9.072197531501539,0.0708893073607309,FALSE,FALSE
B_persona_demographic,thermometer_jews,2020,interestfrequently,-2.9523549156150652,2.7725784387769847,5.72493335439205,0.2519790431725173,FALSE,FALSE
B_persona_demographic,thermometer_jews,2020,interestregularly,-1.596145390598934,3.378951482720361,4.975096873319295,0.31610384068039077,FALSE,FALSE
B_persona_demographic,thermometer_jews,2020,interestalways,0.8722105417685969,3.865538492910376,2.993327951141779,0.5474297951632402,FALSE,FALSE
B_persona_demographic,thermometer_jews,2020,marstsingle,-1.3875026029212703,0.2941241925955773,1.6816267955168476,0.07496429038544414,FALSE,FALSE
B_persona_demographic,thermometer_jews,2020,marstdivorced,-1.2612085537754605,-0.6025303168186045,0.658678236956856,0.47968307594763837,FALSE,FALSE
B_persona_demographic,thermometer_jews,2020,marstwidowed,0.05195752377198781,-0.2746292324356383,-0.3265867562076261,0.781562572206586,FALSE,FALSE
B_persona_demographic,thermometer_jews,2020,marstseparated,-1.4155886486391012,-0.7395309475161014,0.6760577011229998,0.7952446294388621,FALSE,FALSE
B_persona_demographic,thermometer_muslims,2016,racethblack,4.830627927928118,5.824630607433313,0.9940026795051953,0.590272053504923,FALSE,FALSE
B_persona_demographic,thermometer_muslims,2016,racethHispanic,0.34023780471215653,3.5206761948200924,3.180438390107936,0.0687834614949501,FALSE,FALSE
B_persona_demographic,thermometer_muslims,2016,age,-0.649916376065832,-2.4214989001345173,-1.7715825240686853,0.0010797997603989966,TRUE,FALSE
B_persona_demographic,thermometer_muslims,2016,gendermale,-3.2406393757927225,-1.028622069609204,2.2120173061835184,0.02075753168252397,TRUE,FALSE
B_persona_demographic,thermometer_muslims,2016,ideo3Moderate,-7.542755143810501,-7.958549871523786,-0.41579472771328496,0.7336772760906874,FALSE,FALSE
B_persona_demographic,thermometer_muslims,2016,ideo3Conservative,-12.570668769012027,-14.524944450761165,-1.9542756817491376,0.16923491702329277,FALSE,FALSE
B_persona_demographic,thermometer_muslims,2016,pidIndependent,-1.4018963712506982,-6.319231324763109,-4.917334953512411,3.6451127504213866e-5,TRUE,FALSE
B_persona_demographic,thermometer_muslims,2016,pidRepublican,-9.668370460418373,-13.817640076532472,-4.149269616114099,0.006621647748715422,TRUE,FALSE
B_persona_demographic,thermometer_muslims,2016,income,0.8147469792022636,0.811601608371454,-0.0031453708308095685,0.9957354686500812,FALSE,FALSE
B_persona_demographic,thermometer_muslims,2016,educationSome college,1.7798956827581809,0.6160563275456621,-1.1638393552125188,0.36607120516280667,FALSE,FALSE
B_persona_demographic,thermometer_muslims,2016,educationBA or more,6.09323306763122,2.8860794700773837,-3.2071535975538366,0.009216264002143558,TRUE,FALSE
B_persona_demographic,thermometer_muslims,2016,regisunregistered,-5.464752459341898,-1.2102934309862716,4.254459028355626,0.028807198572720308,TRUE,FALSE
B_persona_demographic,thermometer_muslims,2016,interestsometimes,-2.848071531696968,2.0905814977586155,4.938653029455583,0.27866471470469867,FALSE,FALSE
B_persona_demographic,thermometer_muslims,2016,interestfrequently,-0.2044686485764764,2.392422506417526,2.5968911549940024,0.5660894397162004,FALSE,FALSE
B_persona_demographic,thermometer_muslims,2016,interestregularly,1.4205366628686804,2.7399657477950354,1.3194290849263548,0.7693469572687628,FALSE,FALSE
B_persona_demographic,thermometer_muslims,2016,interestalways,1.1732294615186831,2.399233122317941,1.2260036607992577,0.7883170154863189,FALSE,FALSE
B_persona_demographic,thermometer_muslims,2016,marstsingle,0.7626400961475355,0.8289646539422018,0.06632455779466628,0.9615359471902771,FALSE,FALSE
B_persona_demographic,thermometer_muslims,2016,marstdivorced,-3.192082757173914,0.15106060314538627,3.3431433603193,0.021495030570339996,TRUE,TRUE
B_persona_demographic,thermometer_muslims,2016,marstwidowed,-0.21085612879346605,-1.334823643406038,-1.123967514612572,0.5733977292339434,FALSE,FALSE
B_persona_demographic,thermometer_muslims,2016,marstseparated,-4.387657280633768,-1.0399456123517083,3.3477116682820593,0.498042681041319,FALSE,FALSE
B_persona_demographic,thermometer_muslims,2020,racethblack,2.4381368259354534,5.27956171072997,2.841424884794517,0.03179075091948274,TRUE,FALSE
B_persona_demographic,thermometer_muslims,2020,racethHispanic,3.160163516553465,2.861518338336049,-0.2986451782174162,0.8134887345328639,FALSE,FALSE
B_persona_demographic,thermometer_muslims,2020,age,-2.729449811309083,-2.3963365782320842,0.3331132330769987,0.4037884587979963,FALSE,FALSE
B_persona_demographic,thermometer_muslims,2020,gendermale,-4.295891590732494,-1.6351746701803074,2.660716920552187,5.504534878317126e-5,TRUE,FALSE
B_persona_demographic,thermometer_muslims,2020,ideo3Moderate,-5.012340124702875,-7.808580334429943,-2.7962402097270687,0.0023212421827175874,TRUE,FALSE
B_persona_demographic,thermometer_muslims,2020,ideo3Conservative,-12.337102382240538,-14.396048405553362,-2.058946023312825,0.05743688024794095,FALSE,FALSE
B_persona_demographic,thermometer_muslims,2020,pidIndependent,-5.067592402453178,-6.464113508300804,-1.3965211058476263,0.11278777689828721,FALSE,FALSE
B_persona_demographic,thermometer_muslims,2020,pidRepublican,-12.055674424459625,-12.864243914679992,-0.8085694902203682,0.48833474725000403,FALSE,FALSE
B_persona_demographic,thermometer_muslims,2020,income,0.6722312757057485,0.7199057233709407,0.04767444766519224,0.8996199242003802,FALSE,FALSE
B_persona_demographic,thermometer_muslims,2020,educationSome college,2.5666895601704014,0.7087402806478229,-1.8579492795225785,0.05519272742528535,FALSE,FALSE
B_persona_demographic,thermometer_muslims,2020,educationBA or more,5.189712360653645,2.7499079987171418,-2.439804361936503,0.0068205170361686565,TRUE,FALSE
B_persona_demographic,thermometer_muslims,2020,regisunregistered,-2.2764547425605706,-0.30012679103937545,1.9763279515211951,0.35844875155603895,FALSE,FALSE
B_persona_demographic,thermometer_muslims,2020,interestsometimes,-10.276084529473222,3.4194889646683837,13.695573494141605,0.015360412808488797,TRUE,TRUE
B_persona_demographic,thermometer_muslims,2020,interestfrequently,-7.235520639649439,3.8955857938441154,11.131106433493555,0.04805774159309113,TRUE,TRUE
B_persona_demographic,thermometer_muslims,2020,interestregularly,-6.973100625925089,4.099179679515216,11.072280305440305,0.048773728492997555,TRUE,TRUE
B_persona_demographic,thermometer_muslims,2020,interestalways,-5.5479271715686655,4.408085611615374,9.95601278318404,0.07803472569304346,FALSE,FALSE
B_persona_demographic,thermometer_muslims,2020,marstsingle,-0.6617356172941022,1.1489526553368954,1.8106882726309976,0.06860284839573946,FALSE,FALSE
B_persona_demographic,thermometer_muslims,2020,marstdivorced,-1.5974295899538973,-0.25843112630765663,1.3389984636462406,0.18462012255517346,FALSE,FALSE
B_persona_demographic,thermometer_muslims,2020,marstwidowed,1.3240485667918636,-0.625315697111299,-1.9493642639031625,0.12659179051889966,FALSE,FALSE
B_persona_demographic,thermometer_muslims,2020,marstseparated,0.3561814720471901,-0.5192023683209825,-0.8753838403681726,0.7310396543153989,FALSE,FALSE
B_persona_demographic,thermometer_liberals,2016,racethblack,2.7630060045525666,3.523072891060958,0.7600668865083913,0.6761471070553202,FALSE,FALSE
B_persona_demographic,thermometer_liberals,2016,racethHispanic,3.6171577197245073,1.9524259034895208,-1.6647318162349865,0.27625400590879723,FALSE,FALSE
B_persona_demographic,thermometer_liberals,2016,age,0.17553764866865582,-1.4251192240699921,-1.6006568727386479,7.758777592112394e-4,TRUE,TRUE
B_persona_demographic,thermometer_liberals,2016,gendermale,-3.8309487408204665,-0.6220625753543305,3.208886165466136,9.276160657067412e-5,TRUE,FALSE
B_persona_demographic,thermometer_liberals,2016,ideo3Moderate,-16.309415918674382,-15.18811037308731,1.1213055455870715,0.30851131889502365,FALSE,FALSE
B_persona_demographic,thermometer_liberals,2016,ideo3Conservative,-35.72410000125177,-28.796066818182158,6.928033183069612,4.4065436568862005e-8,TRUE,FALSE
B_persona_demographic,thermometer_liberals,2016,pidIndependent,-7.582892930275475,-16.259780263043762,-8.676887332768286,3.8548570510100364e-15,TRUE,FALSE
B_persona_demographic,thermometer_liberals,2016,pidRepublican,-14.215239301592677,-31.474887626370574,-17.2596483247779,1.0597428502752984e-33,TRUE,FALSE
B_persona_demographic,thermometer_liberals,2016,income,0.12482066241248713,0.13983606570985685,0.015015403297369723,0.9761294129686581,FALSE,FALSE
B_persona_demographic,thermometer_liberals,2016,educationSome college,0.4504830790122786,-0.03825561859655768,-0.48873869760883626,0.6764854008214765,FALSE,FALSE
B_persona_demographic,thermometer_liberals,2016,educationBA or more,2.7493080111968333,1.848583409543581,-0.9007246016532525,0.41363537485231594,FALSE,FALSE
B_persona_demographic,thermometer_liberals,2016,regisunregistered,-0.1373676966574904,-0.6551124896478222,-0.5177447929903318,0.7722308047649763,FALSE,FALSE
B_persona_demographic,thermometer_liberals,2016,interestsometimes,1.8778910629090002,2.123546543515605,0.2456554806066047,0.9519312067488963,FALSE,FALSE
B_persona_demographic,thermometer_liberals,2016,interestfrequently,2.4194010611273034,1.998663929427539,-0.42073713169976434,0.9176691332418414,FALSE,FALSE
B_persona_demographic,thermometer_liberals,2016,interestregularly,1.8530578273096148,2.1676852761376253,0.3146274488280105,0.9383318433695504,FALSE,FALSE
B_persona_demographic,thermometer_liberals,2016,interestalways,1.8729270533201796,1.8381830373398054,-0.03474401598037424,0.9932681016778477,FALSE,FALSE
B_persona_demographic,thermometer_liberals,2016,marstsingle,1.3542283230407661,0.8304524275048197,-0.5237758955359464,0.6509516164254331,FALSE,FALSE
B_persona_demographic,thermometer_liberals,2016,marstdivorced,1.4715942095948225,0.006545703412188519,-1.465048506182634,0.22790702035389646,FALSE,FALSE
B_persona_demographic,thermometer_liberals,2016,marstwidowed,-2.405250932657692,0.08674884048431375,2.491999773142006,0.1860981648930646,FALSE,FALSE
B_persona_demographic,thermometer_liberals,2016,marstseparated,-2.24507139875665,-0.3538019104837389,1.8912694882729113,0.626650870996535,FALSE,FALSE
B_persona_demographic,thermometer_liberals,2020,racethblack,0.44527389741862367,4.688103046118732,4.242829148700109,0.0019955258188911907,TRUE,FALSE
B_persona_demographic,thermometer_liberals,2020,racethHispanic,3.6246313619800654,1.5773231686403033,-2.047308193339762,0.09105276567222265,FALSE,FALSE
B_persona_demographic,thermometer_liberals,2020,age,1.2662075479444541,-1.394394755994585,-2.660602303939039,2.9655588223398864e-13,TRUE,TRUE
B_persona_demographic,thermometer_liberals,2020,gendermale,-2.1561784231578107,-1.2619071974658727,0.8942712256919381,0.14118059320491322,FALSE,FALSE
B_persona_demographic,thermometer_liberals,2020,ideo3Moderate,-14.759427787662,-15.747365491175337,-0.9879377035133372,0.27059898217683437,FALSE,FALSE
B_persona_demographic,thermometer_liberals,2020,ideo3Conservative,-33.02629390136471,-30.24779270542222,2.7785011959424883,0.013542154401315055,TRUE,FALSE
B_persona_demographic,thermometer_liberals,2020,pidIndependent,-10.934319444552216,-16.107583925309232,-5.173264480757015,8.552132119797993e-10,TRUE,FALSE
B_persona_demographic,thermometer_liberals,2020,pidRepublican,-22.64812755726534,-31.18778638907458,-8.53965883180924,1.2578557402030473e-12,TRUE,FALSE
B_persona_demographic,thermometer_liberals,2020,income,1.021945329072131,0.05088489257332829,-0.9710604364988027,0.003785574687801937,TRUE,FALSE
B_persona_demographic,thermometer_liberals,2020,educationSome college,2.783758241799658,0.31473787740761594,-2.469020364392042,0.0076348127459112125,TRUE,FALSE
B_persona_demographic,thermometer_liberals,2020,educationBA or more,4.024392817037521,1.6623437963650858,-2.362049020672435,0.005153662705218708,TRUE,FALSE
B_persona_demographic,thermometer_liberals,2020,regisunregistered,2.261629181722707,0.28229605724760454,-1.9793331244751027,0.3830201382991024,FALSE,FALSE
B_persona_demographic,thermometer_liberals,2020,interestsometimes,-8.035459189594054,3.2724895298185093,11.307948719412563,0.01842337541474952,TRUE,TRUE
B_persona_demographic,thermometer_liberals,2020,interestfrequently,-7.373273725913579,2.959653537565682,10.332927263479261,0.030214597147263,TRUE,TRUE
B_persona_demographic,thermometer_liberals,2020,interestregularly,-6.767957104726896,3.173322708032633,9.941279812759529,0.03622057398517851,TRUE,TRUE
B_persona_demographic,thermometer_liberals,2020,interestalways,-7.643942982349563,3.2640989979917485,10.908041980341311,0.022244781086697637,TRUE,TRUE
B_persona_demographic,thermometer_liberals,2020,marstsingle,3.0810333060339925,0.7617503058435027,-2.31928300019049,0.014285591993078715,TRUE,FALSE
B_persona_demographic,thermometer_liberals,2020,marstdivorced,2.1851925825622645,0.43364667078452834,-1.751545911777736,0.05335290382055893,FALSE,FALSE
B_persona_demographic,thermometer_liberals,2020,marstwidowed,4.287147625877013,0.2696703486458487,-4.017477277231165,0.001139928177195316,TRUE,FALSE
B_persona_demographic,thermometer_liberals,2020,marstseparated,2.457180751796173,0.6221824605409694,-1.8349982912552036,0.3832371789502783,FALSE,FALSE
B_persona_demographic,thermometer_conservatives,2016,racethblack,-0.5838443364735002,-3.698739334624873,-3.1148949981513727,0.08609422886921413,FALSE,FALSE
B_persona_demographic,thermometer_conservatives,2016,racethHispanic,1.495017957785192,-1.2628619125041929,-2.757879870289385,0.08663614533460444,FALSE,FALSE
B_persona_demographic,thermometer_conservatives,2016,age,1.6615872981764677,1.2224564694360334,-0.4391308287404343,0.3399200578515944,FALSE,FALSE
B_persona_demographic,thermometer_conservatives,2016,gendermale,-2.9262271186266715,0.3214264634695847,3.247653582096256,5.8963820860655054e-5,TRUE,TRUE
B_persona_demographic,thermometer_conservatives,2016,ideo3Moderate,14.627167434183226,11.35778771017116,-3.269379724012067,0.007950128694629714,TRUE,FALSE
B_persona_demographic,thermometer_conservatives,2016,ideo3Conservative,30.72444550747172,27.024993510626395,-3.6994519968453248,0.004875069092940879,TRUE,FALSE
B_persona_demographic,thermometer_conservatives,2016,pidIndependent,6.624378433343017,11.936193039668368,5.311814606325352,6.443777669622102e-6,TRUE,FALSE
B_persona_demographic,thermometer_conservatives,2016,pidRepublican,14.692507001111677,28.12553338752191,13.433026386410232,8.774106965347922e-23,TRUE,FALSE
B_persona_demographic,thermometer_conservatives,2016,income,-0.43094664121957327,0.0610983779800065,0.49204501919957977,0.33823386671507916,FALSE,FALSE
B_persona_demographic,thermometer_conservatives,2016,educationSome college,-1.1481112816191341,-0.3475801046475935,0.8005311769715406,0.4774408808278974,FALSE,FALSE
B_persona_demographic,thermometer_conservatives,2016,educationBA or more,-2.827563133327806,-1.353919373797148,1.4736437595306582,0.17345337251385584,FALSE,FALSE
B_persona_demographic,thermometer_conservatives,2016,regisunregistered,-1.797473857245641,-0.272011128751356,1.525462728494285,0.4245173812519244,FALSE,FALSE
B_persona_demographic,thermometer_conservatives,2016,interestsometimes,10.070028284102623,0.7145794669674945,-9.355448817135128,0.05652271950127016,FALSE,FALSE
B_persona_demographic,thermometer_conservatives,2016,interestfrequently,7.810200534117193,0.9873027423507068,-6.822897791766486,0.16367415975407681,FALSE,FALSE
B_persona_demographic,thermometer_conservatives,2016,interestregularly,9.909237241134562,1.0522638419478199,-8.856973399186742,0.06940768708685409,FALSE,FALSE
B_persona_demographic,thermometer_conservatives,2016,interestalways,10.21945175368522,1.4494017531471428,-8.770050000538077,0.07458777027719156,FALSE,FALSE
B_persona_demographic,thermometer_conservatives,2016,marstsingle,1.6983177145776418,-1.2253177209408408,-2.9236354355184826,0.021469187488676603,TRUE,TRUE
B_persona_demographic,thermometer_conservatives,2016,marstdivorced,1.833594511175768,-1.5805348978180263,-3.4141294089937944,0.0045720730120910125,TRUE,TRUE
B_persona_demographic,thermometer_conservatives,2016,marstwidowed,0.5219138404747681,-0.0069555364839613,-0.5288693769587294,0.755795776855215,FALSE,FALSE
B_persona_demographic,thermometer_conservatives,2016,marstseparated,-0.5429508981308189,-0.4242583851273096,0.11869251300350925,0.9686845538249986,FALSE,FALSE
B_persona_demographic,thermometer_conservatives,2020,racethblack,4.464618475894794,-4.56119799097677,-9.025816466871564,2.0592034528328895e-10,TRUE,TRUE
B_persona_demographic,thermometer_conservatives,2020,racethHispanic,0.2923558991188911,-1.385882740067629,-1.67823863918652,0.1395893237838853,FALSE,FALSE
B_persona_demographic,thermometer_conservatives,2020,age,2.5910343700239395,1.1449085315777698,-1.4461258384461697,7.208593526297515e-5,TRUE,FALSE
B_persona_demographic,thermometer_conservatives,2020,gendermale,-1.5989418328613232,0.798339124477417,2.39728095733874,6.155462136864367e-5,TRUE,TRUE
B_persona_demographic,thermometer_conservatives,2020,ideo3Moderate,13.233216591095532,11.907013769820953,-1.32620282127458,0.16229790153336054,FALSE,FALSE
B_persona_demographic,thermometer_conservatives,2020,ideo3Conservative,30.390202303211428,28.843144027431133,-1.5470582757802953,0.1423053266891585,FALSE,FALSE
B_persona_demographic,thermometer_conservatives,2020,pidIndependent,6.241788443474499,11.884939440513786,5.643150997039288,1.7509229055919462e-10,TRUE,FALSE
B_persona_demographic,thermometer_conservatives,2020,pidRepublican,18.857139192589123,27.83465566250464,8.977516469915518,1.9068626082170082e-15,TRUE,FALSE
B_persona_demographic,thermometer_conservatives,2020,income,-0.6918102844118643,0.10599191921524986,0.7978022036271142,0.019740179046319774,TRUE,TRUE
B_persona_demographic,thermometer_conservatives,2020,educationSome college,0.13040538279464686,-0.6254554007514478,-0.75586078354609465,0.3931464826880453,FALSE,FALSE
B_persona_demographic,thermometer_conservatives,2020,educationBA or more,-2.2960477412984908,-1.3351385364301513,0.9609092048683394,0.23274948012345714,FALSE,FALSE
B_persona_demographic,thermometer_conservatives,2020,regisunregistered,0.1320865905259221,-0.6950319464398977,-0.8271185369658198,0.6708513369035197,FALSE,FALSE
B_persona_demographic,thermometer_conservatives,2020,interestsometimes,7.840475488141658,-1.0721550562106916,-8.91263054435235,0.07511450487919377,FALSE,FALSE
B_persona_demographic,thermometer_conservatives,2020,interestfrequently,7.304466744513878,-0.7696928086197872,-8.074159553133665,0.1054965021762205,FALSE,FALSE
B_persona_demographic,thermometer_conservatives,2020,interestregularly,7.132286925243902,-0.7284133914069209,-7.8607003166508225,0.1133825227290274,FALSE,FALSE
B_persona_demographic,thermometer_conservatives,2020,interestalways,4.628436080201219,-0.658720358260033,-5.287156438461252,0.2886695613891777,FALSE,FALSE
B_persona_demographic,thermometer_conservatives,2020,marstsingle,-2.366969030072462,-1.6224898015152087,0.7444792285572532,0.42886492528579734,FALSE,FALSE
B_persona_demographic,thermometer_conservatives,2020,marstdivorced,-0.397876834140225,-1.5346460757541966,-1.1367692416139716,0.21395994686916586,FALSE,FALSE
B_persona_demographic,thermometer_conservatives,2020,marstwidowed,0.6777451309515026,-0.8005504518850091,-1.4782955828365116,0.22243638608134048,FALSE,FALSE
B_persona_demographic,thermometer_conservatives,2020,marstseparated,0.8752107429145397,-1.157120138418371,-2.0323308813329106,0.42737176621358486,FALSE,FALSE
B_persona_demographic,thermometer_gays_lesbians,2016,racethblack,-6.504516299016855,3.1600614611317273,9.664577760148582,8.461527804965195e-5,TRUE,TRUE
B_persona_demographic,thermometer_gays_lesbians,2016,racethHispanic,-1.8104823679680224,0.862654572484866,2.6731369404528884,0.1541688867755115,FALSE,FALSE
B_persona_demographic,thermometer_gays_lesbians,2016,age,-3.590159396317325,-2.4545889131870267,1.1355704831302982,0.0472260559591775,TRUE,FALSE
B_persona_demographic,thermometer_gays_lesbians,2016,gendermale,-7.335550875633102,-1.4016685903484785,5.933882285284623,2.343605497999971e-9,TRUE,FALSE
B_persona_demographic,thermometer_gays_lesbians,2016,ideo3Moderate,-12.169341947427057,-9.760894123164876,2.4084478242621814,0.07731735878031008,FALSE,FALSE
B_persona_demographic,thermometer_gays_lesbians,2016,ideo3Conservative,-20.60590257211665,-19.62435931408953,0.9815432580271207,0.5291955085064428,FALSE,FALSE
B_persona_demographic,thermometer_gays_lesbians,2016,pidIndependent,-1.8875133018536594,-7.990299559554825,-6.102786257701165,2.434178159932173e-6,TRUE,FALSE
B_persona_demographic,thermometer_gays_lesbians,2016,pidRepublican,-7.8700862299480345,-17.678980908558238,-9.808894678610205,1.2749212590681052e-8,TRUE,FALSE
B_persona_demographic,thermometer_gays_lesbians,2016,income,2.7365667466236774,0.97245037639762,-1.7641163702260574,0.0031729562581831925,TRUE,FALSE
B_persona_demographic,thermometer_gays_lesbians,2016,educationSome college,2.274651871706955,1.4028279292096753,-0.8718239424972797,0.5382520456666481,FALSE,FALSE
B_persona_demographic,thermometer_gays_lesbians,2016,educationBA or more,4.436380724718619,3.376727728437918,-1.0596529962807015,0.4193172078273627,FALSE,FALSE
B_persona_demographic,thermometer_gays_lesbians,2016,regisunregistered,-4.955353859091359,-0.9795888546323877,3.975765004458971,0.1039934854390466,FALSE,FALSE
B_persona_demographic,thermometer_gays_lesbians,2016,interestsometimes,2.0231112681662196,1.0874564278798173,-0.9356548402864022,0.8485913954419894,FALSE,FALSE
B_persona_demographic,thermometer_gays_lesbians,2016,interestfrequently,2.3645428777889057,1.4511850187684963,-0.9133578590204094,0.8518794809708985,FALSE,FALSE
B_persona_demographic,thermometer_gays_lesbians,2016,interestregularly,6.148172171438434,1.5415027461931379,-4.606669425245296,0.3437397838402855,FALSE,FALSE
B_persona_demographic,thermometer_gays_lesbians,2016,interestalways,6.392878894536949,0.9299782766596021,-5.462900617877347,0.2658069951722299,FALSE,FALSE
B_persona_demographic,thermometer_gays_lesbians,2016,marstsingle,5.166128532590788,1.1777065062826821,-3.988422026308106,0.005397092916314915,TRUE,FALSE
B_persona_demographic,thermometer_gays_lesbians,2016,marstdivorced,0.013229452191720448,0.4872623752158738,0.47403292302415334,0.7498630055256048,FALSE,FALSE
B_persona_demographic,thermometer_gays_lesbians,2016,marstwidowed,2.8928093254698,-0.8963784784164757,-3.789187803886276,0.09670755922726518,FALSE,FALSE
B_persona_demographic,thermometer_gays_lesbians,2016,marstseparated,3.4270186312000703,-1.1839392458452664,-4.610957877045337,0.2643679442508347,FALSE,FALSE
B_persona_demographic,thermometer_gays_lesbians,2020,racethblack,-10.21641434768241,3.6566464814453177,13.873060829127727,4.691213435433108e-21,TRUE,TRUE
B_persona_demographic,thermometer_gays_lesbians,2020,racethHispanic,-0.41069176706713556,0.9591356442610988,1.3698274113282343,0.3017954892517669,FALSE,FALSE
B_persona_demographic,thermometer_gays_lesbians,2020,age,-3.6484111010059666,-2.634402396253786,1.0140087047521804,0.012043611412547044,TRUE,FALSE
B_persona_demographic,thermometer_gays_lesbians,2020,gendermale,-6.874739583755637,-2.081214362786059,4.793525220969578,3.6141749585883935e-12,TRUE,FALSE
B_persona_demographic,thermometer_gays_lesbians,2020,ideo3Moderate,-7.924187686515311,-9.177612465504867,-1.2534247789895552,0.1896155941445353,FALSE,FALSE
B_persona_demographic,thermometer_gays_lesbians,2020,ideo3Conservative,-16.761249549962898,-20.569279254664405,-3.8080297047015064,0.0012653377707090695,TRUE,FALSE
B_persona_demographic,thermometer_gays_lesbians,2020,pidIndependent,-5.333762695157617,-7.836348977235797,-2.5025862820781803,0.005515763046085815,TRUE,FALSE
B_persona_demographic,thermometer_gays_lesbians,2020,pidRepublican,-12.5545215558152,-17.311599826260398,-4.7570782704452,2.580049602339199e-4,TRUE,FALSE
B_persona_demographic,thermometer_gays_lesbians,2020,income,1.9602604063052596,1.0330783998402882,-0.9271820064649714,0.016219078295123517,TRUE,FALSE
B_persona_demographic,thermometer_gays_lesbians,2020,educationSome college,3.023029315916962,1.6131346121122758,-1.4098947038046863,0.1806764681493498,FALSE,FALSE
B_persona_demographic,thermometer_gays_lesbians,2020,educationBA or more,5.009845289719143,3.5215355638369155,-1.4883097258822278,0.12038316166388542,FALSE,FALSE
B_persona_demographic,thermometer_gays_lesbians,2020,regisunregistered,-2.732118817803001,-0.8081117222564342,1.924007095546567,0.41380946811512886,FALSE,FALSE
B_persona_demographic,thermometer_gays_lesbians,2020,interestsometimes,-6.9235047471012905,4.581857821211418,11.505362568312709,0.023713079223887254,TRUE,TRUE
B_persona_demographic,thermometer_gays_lesbians,2020,interestfrequently,-2.8907674016167038,4.683512080658723,7.5742794822754265,0.13432986197763516,FALSE,FALSE
B_persona_demographic,thermometer_gays_lesbians,2020,interestregularly,-1.736530747721761,4.494746062524782,6.231276810246543,0.21627351632712388,FALSE,FALSE
B_persona_demographic,thermometer_gays_lesbians,2020,interestalways,-0.07129789814197451,4.340921466403893,4.412219364545868,0.3841414315171596,FALSE,FALSE
B_persona_demographic,thermometer_gays_lesbians,2020,marstsingle,2.4980759684253067,1.3214497816844735,-1.1766261867408332,0.24042508979764654,FALSE,FALSE
B_persona_demographic,thermometer_gays_lesbians,2020,marstdivorced,1.015536232999044,0.18290207369306533,-0.8326341593059787,0.4292252614428992,FALSE,FALSE
B_persona_demographic,thermometer_gays_lesbians,2020,marstwidowed,2.686777336059164,-0.4147748433707301,-3.101552179429894,0.030710096661421927,TRUE,TRUE
B_persona_demographic,thermometer_gays_lesbians,2020,marstseparated,2.695746538912701,0.14593740719602977,-2.549809131716671,0.41389143844113685,FALSE,FALSE
B_persona_demographic,thermometer_asian_americans,2016,racethblack,2.1926581129927527,2.6742902873179792,0.48163217432522654,0.8147150639065553,FALSE,FALSE
B_persona_demographic,thermometer_asian_americans,2016,racethHispanic,1.658017290924782,0.7448917903402359,-0.913125500584546,0.5577299352590844,FALSE,FALSE
B_persona_demographic,thermometer_asian_americans,2016,age,0.1738858454745198,-0.8149763244069094,-0.9888621698814292,0.04138713394150555,TRUE,TRUE
B_persona_demographic,thermometer_asian_americans,2016,gendermale,-1.9755043793907243,-1.7342209170986496,0.2412834622920748,0.7736353415775319,FALSE,FALSE
B_persona_demographic,thermometer_asian_americans,2016,ideo3Moderate,-4.502049844679107,-3.553766137984825,0.948283706694282,0.4162111458702529,FALSE,FALSE
B_persona_demographic,thermometer_asian_americans,2016,ideo3Conservative,-3.2943149437813433,-4.065438711005191,-0.7711237672238473,0.5451895666872737,FALSE,FALSE
B_persona_demographic,thermometer_asian_americans,2016,pidIndependent,0.40500380715391593,-3.193352144303276,-3.598355951457192,0.001726210303371383,TRUE,TRUE
B_persona_demographic,thermometer_asian_americans,2016,pidRepublican,-1.5226184302596804,-1.9995312520422803,-0.47691282178259997,0.7331162858462482,FALSE,FALSE
B_persona_demographic,thermometer_asian_americans,2016,income,1.4907015108079285,0.6046349735427952,-0.8860665372651333,0.07611799241794978,FALSE,FALSE
B_persona_demographic,thermometer_asian_americans,2016,educationSome college,1.8770818832931342,0.20497095484272787,-1.6721109284504063,0.1538142245095885,FALSE,FALSE
B_persona_demographic,thermometer_asian_americans,2016,educationBA or more,3.7967761763189305,1.1660744861906998,-2.6307016901282307,0.01324549256785893,TRUE,FALSE
B_persona_demographic,thermometer_asian_americans,2016,regisunregistered,-4.554471214676783,-1.5607313817612076,2.9937398329155758,0.10352530086812135,FALSE,FALSE
B_persona_demographic,thermometer_asian_americans,2016,interestsometimes,-1.513605391606914,1.5962535692730508,3.109858960879965,0.4308966935087021,FALSE,FALSE
B_persona_demographic,thermometer_asian_americans,2016,interestfrequently,0.2668158464777708,2.3430227936023513,2.0762069471245805,0.5953943017975416,FALSE,FALSE
B_persona_demographic,thermometer_asian_americans,2016,interestregularly,2.8514534158059504,2.7566214221415866,-0.09483199366436379,0.980599626300803,FALSE,FALSE
B_persona_demographic,thermometer_asian_americans,2016,interestalways,3.8671945161843495,2.8736589547972784,-0.9935355613870709,0.801014583023037,FALSE,FALSE
B_persona_demographic,thermometer_asian_americans,2016,marstsingle,3.3855019433812816,0.09415843894349729,-3.2913435044377843,0.009137380493301381,TRUE,FALSE
B_persona_demographic,thermometer_asian_americans,2016,marstdivorced,0.36240044302936525,-0.9381274748635287,-1.300527917892894,0.288254070793929,FALSE,FALSE
B_persona_demographic,thermometer_asian_americans,2016,marstwidowed,2.2536936298551056,-1.1220213703951427,-3.3757150002502483,0.05124551371473523,FALSE,FALSE
B_persona_demographic,thermometer_asian_americans,2016,marstseparated,-6.344199351741494,-0.7978817117099624,5.546317640031532,0.1911435096846871,FALSE,FALSE
B_persona_demographic,thermometer_asian_americans,2020,racethblack,-4.668239266710857,1.8482015262608185,6.516440792971675,8.612183039109333e-4,TRUE,TRUE
B_persona_demographic,thermometer_asian_americans,2020,racethHispanic,3.547959821573862,0.6176244998392093,-2.9303353217346526,0.06784975892029081,FALSE,FALSE
B_persona_demographic,thermometer_asian_americans,2020,age,-0.50334290624431,-1.1247196946731848,-0.6213767884288748,0.20129454764497945,FALSE,FALSE
B_persona_demographic,thermometer_asian_americans,2020,gendermale,-2.087126733840103,-1.716499952764152,0.37062678107595093,0.6629163782049083,FALSE,FALSE
B_persona_demographic,thermometer_asian_americans,2020,ideo3Moderate,-1.8391835934477325,-3.8522012103329,-2.0130176168851674,0.0966540714804403,FALSE,FALSE
B_persona_demographic,thermometer_asian_americans,2020,ideo3Conservative,-1.4619202518546728,-5.066398797057783,-3.6044785452031105,0.00895993381964556,TRUE,FALSE
B_persona_demographic,thermometer_asian_americans,2020,pidIndependent,-3.3967742735932314,-3.9377189727955018,-0.5409446992022704,0.6386252813868678,FALSE,FALSE
B_persona_demographic,thermometer_asian_americans,2020,pidRepublican,-6.456731134708198,-3.127567442189754,3.329163692518444,0.02342412321246659,TRUE,FALSE
B_persona_demographic,thermometer_asian_americans,2020,income,0.36950827836084144,0.6334438707502799,0.2639355923894384,0.5701593752642209,FALSE,FALSE
B_persona_demographic,thermometer_asian_americans,2020,educationSome college,4.105821735801091,0.6259109301593675,-3.4799108056417234,0.005658215647242435,TRUE,FALSE
B_persona_demographic,thermometer_asian_americans,2020,educationBA or more,5.6078011119350535,1.4670732590786288,-4.140727852856425,3.6925241604088136e-4,TRUE,FALSE
B_persona_demographic,thermometer_asian_americans,2020,regisunregistered,-1.20987980193068,-1.5752972793647002,-0.3654174774340202,0.9109310419679573,FALSE,FALSE
B_persona_demographic,thermometer_asian_americans,2020,interestsometimes,-4.811377253988255,0.38929632818129356,5.200673582169548,0.4302717776279634,FALSE,FALSE
B_persona_demographic,thermometer_asian_americans,2020,interestfrequently,-3.741618818145343,0.8986491417040816,4.6402679598494245,0.479353912077514,FALSE,FALSE
B_persona_demographic,thermometer_asian_americans,2020,interestregularly,-3.0392111494929726,1.609753699537345,4.6489648490303175,0.4750662627251043,FALSE,FALSE
B_persona_demographic,thermometer_asian_americans,2020,interestalways,0.5249344516831909,2.0380792562472796,1.5131448045640887,0.8167597600473997,FALSE,FALSE
B_persona_demographic,thermometer_asian_americans,2020,marstsingle,-1.506736839041893,0.35512829119436073,1.8618651302362537,0.1624539061664561,FALSE,FALSE
B_persona_demographic,thermometer_asian_americans,2020,marstdivorced,-1.2184073024528494,-0.5308175027677215,0.6875897996851279,0.5942725156839241,FALSE,FALSE
B_persona_demographic,thermometer_asian_americans,2020,marstwidowed,-0.22075297424754714,-1.0338461439088529,-0.8130931696613057,0.6214842170869692,FALSE,FALSE
B_persona_demographic,thermometer_asian_americans,2020,marstseparated,-1.5168766146844206,-1.1448838473327072,0.3719927673517134,0.9060822179689492,FALSE,FALSE
B_persona_demographic,thermometer_black_americans,2016,racethblack,16.47595708935412,15.330387628796052,-1.1455694605580704,0.48346982325380394,FALSE,FALSE
B_persona_demographic,thermometer_black_americans,2016,racethHispanic,2.288433930615811,3.263904237299922,0.9754703066841108,0.5595689338812944,FALSE,FALSE
B_persona_demographic,thermometer_black_americans,2016,age,-0.40227730188600613,-1.6457368049053955,-1.2434595030193893,0.014667437938519028,TRUE,FALSE
B_persona_demographic,thermometer_black_americans,2016,gendermale,-3.9197541465409462,-2.1171343720277824,1.8026197745131638,0.03495717943690414,TRUE,FALSE
B_persona_demographic,thermometer_black_americans,2016,ideo3Moderate,-4.73677032776794,-5.0464126819222495,-0.30964235415430985,0.7846760146561089,FALSE,FALSE
B_persona_demographic,thermometer_black_americans,2016,ideo3Conservative,-3.8404556984017573,-8.709968521898048,-4.869512823496292,8.920998999583364e-5,TRUE,FALSE
B_persona_demographic,thermometer_black_americans,2016,pidIndependent,-2.229687375476533,-6.360246055703978,-4.130558680227445,2.008209540910611e-4,TRUE,FALSE
B_persona_demographic,thermometer_black_americans,2016,pidRepublican,-5.251766210425746,-9.528357902257499,-4.276591691831753,0.0017294945020561252,TRUE,FALSE
B_persona_demographic,thermometer_black_americans,2016,income,0.7607871310625438,0.2948517452455832,-0.4659353858169606,0.36331062384601365,FALSE,FALSE
B_persona_demographic,thermometer_black_americans,2016,educationSome college,1.1472602851621485,0.28603704954675746,-0.861223235615391,0.4607571788338025,FALSE,FALSE
B_persona_demographic,thermometer_black_americans,2016,educationBA or more,1.7310440147996147,1.3665634228974015,-0.36448059190221316,0.7336619411139188,FALSE,FALSE
B_persona_demographic,thermometer_black_americans,2016,regisunregistered,-5.0144889445082015,-1.1711765819687479,3.8433123625394536,0.03685941640881484,TRUE,FALSE
B_persona_demographic,thermometer_black_americans,2016,interestsometimes,7.9993827758997105,2.0512321273609606,-5.94815064853875,0.13962626214186713,FALSE,FALSE
B_persona_demographic,thermometer_black_americans,2016,interestfrequently,8.632451925291294,2.3211766028443463,-6.3112753224469476,0.11233029417853191,FALSE,FALSE
B_persona_demographic,thermometer_black_americans,2016,interestregularly,11.272068568752529,2.7320918151017093,-8.53997675365082,0.030156580281788352,TRUE,FALSE
B_persona_demographic,thermometer_black_americans,2016,interestalways,12.601412474330138,2.4443607690426443,-10.157051705287493,0.010698868081377558,TRUE,FALSE
B_persona_demographic,thermometer_black_americans,2016,marstsingle,1.7699790751975106,-0.25158934482321627,-2.021568420020727,0.1153918030988499,FALSE,FALSE
B_persona_demographic,thermometer_black_americans,2016,marstdivorced,-0.5473652461827072,-0.78802258026953,-0.24065733408682277,0.8453673028694967,FALSE,FALSE
B_persona_demographic,thermometer_black_americans,2016,marstwidowed,-0.2582772953142798,-0.9605729887032619,-0.7022956933889821,0.7030311343325111,FALSE,FALSE
B_persona_demographic,thermometer_black_americans,2016,marstseparated,-10.654647604508327,-0.5697650506982228,10.084882553810104,0.009213566664777963,TRUE,FALSE
B_persona_demographic,thermometer_black_americans,2020,racethblack,12.22627620253766,14.134002551541418,1.9077263490037586,0.07725409669144927,FALSE,FALSE
B_persona_demographic,thermometer_black_americans,2020,racethHispanic,3.77181704178185,2.729671506892136,-1.0421455348897142,0.3505691410167725,FALSE,FALSE
B_persona_demographic,thermometer_black_americans,2020,age,-0.6623067598104009,-1.8294605458760342,-1.1671537860656334,8.924626099446134e-4,TRUE,FALSE
B_persona_demographic,thermometer_black_americans,2020,gendermale,-4.893909843325264,-2.1525681026498806,2.741341740675383,3.7240302923550364e-6,TRUE,FALSE
B_persona_demographic,thermometer_black_americans,2020,ideo3Moderate,-4.113625201215325,-5.410349254031558,-1.2967240528162325,0.11881435233036203,FALSE,FALSE
B_persona_demographic,thermometer_black_americans,2020,ideo3Conservative,-4.124024064862719,-9.304199009905469,-5.18017494504275,5.495539633016657e-8,TRUE,FALSE
B_persona_demographic,thermometer_black_americans,2020,pidIndependent,-3.6259684318326513,-6.583375654369348,-2.9574072225366965,1.4783483817918782e-4,TRUE,FALSE
B_persona_demographic,thermometer_black_americans,2020,pidRepublican,-5.501237314132981,-9.416743644331353,-3.915506330198372,1.3130238550942175e-4,TRUE,FALSE
B_persona_demographic,thermometer_black_americans,2020,income,0.1273453165509446,0.3910084641143765,0.2636631475634319,0.41404868447974796,FALSE,FALSE
B_persona_demographic,thermometer_black_americans,2020,educationSome college,2.3141476860693726,0.44437743069531566,-1.869770255374057,0.032159192137515336,TRUE,FALSE
B_persona_demographic,thermometer_black_americans,2020,educationBA or more,3.388833825066292,1.30430816654246,-2.084525658523832,0.009107043567472408,TRUE,FALSE
B_persona_demographic,thermometer_black_americans,2020,regisunregistered,-2.5454509610594362,-1.0247235052696755,1.5207274557897608,0.46397940189193476,FALSE,FALSE
B_persona_demographic,thermometer_black_americans,2020,interestsometimes,-1.4204437824946712,2.8900129124292286,4.3104566949239,0.3623492836484765,FALSE,FALSE
B_persona_demographic,thermometer_black_americans,2020,interestfrequently,0.3765579356183697,3.0504483603983363,2.673890424779967,0.5706402912968622,FALSE,FALSE
B_persona_demographic,thermometer_black_americans,2020,interestregularly,0.7981452243439786,3.2965838771025897,2.498438652758611,0.5939513179261731,FALSE,FALSE
B_persona_demographic,thermometer_black_americans,2020,interestalways,2.672679065376788,3.67201094884571,0.9993318834689222,0.8317829114927678,FALSE,FALSE
B_persona_demographic,thermometer_black_americans,2020,marstsingle,-0.5049808754136,0.5239945862744211,1.0289754616880211,0.2501494307803603,FALSE,FALSE
B_persona_demographic,thermometer_black_americans,2020,marstdivorced,-0.503374523887282,-0.5620598180534735,-0.058685294166191504,0.9473483629960537,FALSE,FALSE
B_persona_demographic,thermometer_black_americans,2020,marstwidowed,0.5722630257113246,-0.14522055479089824,-0.7174835805022228,0.5382086920707938,FALSE,FALSE
B_persona_demographic,thermometer_black_americans,2020,marstseparated,-0.22864887198959138,-1.231681147022428,-1.0030322750328367,0.6916204014738463,FALSE,FALSE
B_persona_demographic,thermometer_white_americans,2016,racethblack,-5.045251896045063,-1.5895799049256842,3.455671991119379,0.09576113100215931,FALSE,FALSE
B_persona_demographic,thermometer_white_americans,2016,racethHispanic,-3.5187204888729107,-2.0051955478894357,1.513524940983475,0.3474409060964334,FALSE,FALSE
B_persona_demographic,thermometer_white_americans,2016,age,1.891055361052992,1.0834075456291514,-0.8076478154238408,0.09596775117049311,FALSE,FALSE
B_persona_demographic,thermometer_white_americans,2016,gendermale,-3.8453785465539854,-0.5282825434842122,3.317096003069773,5.464240599204572e-5,TRUE,FALSE
B_persona_demographic,thermometer_white_americans,2016,ideo3Moderate,0.8469246546269361,4.446741828322177,3.599817173695241,0.0029849331612802157,TRUE,FALSE
B_persona_demographic,thermometer_white_americans,2016,ideo3Conservative,2.211569340464204,6.111521548596693,3.899952208132489,0.001991370149362845,TRUE,FALSE
B_persona_demographic,thermometer_white_americans,2016,pidIndependent,-0.11392236753986854,1.3900803679607543,1.504002735500623,0.18924815160179712,FALSE,FALSE
B_persona_demographic,thermometer_white_americans,2016,pidRepublican,1.6414964765543383,6.4719805495028,4.830484072948462,2.7052034793058496e-4,TRUE,FALSE
B_persona_demographic,thermometer_white_americans,2016,income,0.834537527743223,-0.023757589187384465,-0.8582951169306074,0.07819000300095186,FALSE,FALSE
B_persona_demographic,thermometer_white_americans,2016,educationSome college,-0.43903966688897444,-0.7917396430035801,-0.3526999761146057,0.7614722903048896,FALSE,FALSE
B_persona_demographic,thermometer_white_americans,2016,educationBA or more,-0.33828968606343923,-1.5222615926429663,-1.1839719065795271,0.25858138039828893,FALSE,FALSE
B_persona_demographic,thermometer_white_americans,2016,regisunregistered,-1.0561954722893583,-0.16326715311935325,0.892928319170005,0.6411574509537579,FALSE,FALSE
B_persona_demographic,thermometer_white_americans,2016,interestsometimes,8.14189176508479,0.13812643121523038,-8.00376533386956,0.040984551050022314,TRUE,FALSE
B_persona_demographic,thermometer_white_americans,2016,interestfrequently,6.295279726886911,0.3702747474915222,-5.925004979395389,0.1287629196332878,FALSE,FALSE
B_persona_demographic,thermometer_white_americans,2016,interestregularly,7.987729704518706,0.7569636110780573,-7.230766093440649,0.06354335387247588,FALSE,FALSE
B_persona_demographic,thermometer_white_americans,2016,interestalways,8.241858808615378,0.9527479262371621,-7.289110882378216,0.0645221248122004,FALSE,FALSE
B_persona_demographic,thermometer_white_americans,2016,marstsingle,1.296516074340305,-1.7699629610798988,-3.066479035420204,0.014393734172386574,TRUE,TRUE
B_persona_demographic,thermometer_white_americans,2016,marstdivorced,2.1103934579448507,-1.4725262143098754,-3.582919672254726,0.002743602033008232,TRUE,TRUE
B_persona_demographic,thermometer_white_americans,2016,marstwidowed,-1.1040274265999566,-0.025556244171140108,1.0784711824288165,0.5854099769110528,FALSE,FALSE
B_persona_demographic,thermometer_white_americans,2016,marstseparated,-0.20312307596917378,-0.507043112113351,-0.3039200361441772,0.9255227285755053,FALSE,FALSE
B_persona_demographic,thermometer_white_americans,2020,racethblack,-2.8072759575402637,-1.9143478012908086,0.8929281562494551,0.5273862406277304,FALSE,FALSE
B_persona_demographic,thermometer_white_americans,2020,racethHispanic,0.8396728754253555,-2.0799839756194594,-2.919656851044815,0.015286133328437904,TRUE,TRUE
B_persona_demographic,thermometer_white_americans,2020,age,3.1203699373197056,1.1788010229159165,-1.941568914403789,1.0654365882271068e-7,TRUE,FALSE
B_persona_demographic,thermometer_white_americans,2020,gendermale,-2.2005487434412725,-0.30395362540591697,1.8965951180353555,0.00202028515347651,TRUE,FALSE
B_persona_demographic,thermometer_white_americans,2020,ideo3Moderate,2.44916500382436,4.368677315921783,1.9195123120974222,0.03192198334162804,TRUE,FALSE
B_persona_demographic,thermometer_white_americans,2020,ideo3Conservative,3.6228084245520575,6.382042564490652,2.7592341399385942,0.005409215622759593,TRUE,FALSE
B_persona_demographic,thermometer_white_americans,2020,pidIndependent,-0.7698441217005071,0.9918856100598984,1.7617297317604055,0.04182295425018131,TRUE,TRUE
B_persona_demographic,thermometer_white_americans,2020,pidRepublican,1.1501910728473645,6.409913072235954,5.2597219993885895,6.080008601330865e-7,TRUE,FALSE
B_persona_demographic,thermometer_white_americans,2020,income,0.30178060257831296,-0.010280525923372252,-0.3120611285016852,0.356983480122839,FALSE,FALSE
B_persona_demographic,thermometer_white_americans,2020,educationSome college,2.1535940082909084,-0.8420451034520533,-2.9956391117429617,6.510142304633587e-4,TRUE,TRUE
B_persona_demographic,thermometer_white_americans,2020,educationBA or more,2.3081000347093754,-1.693598525695962,-4.0016985604053374,7.521024371580632e-7,TRUE,TRUE
B_persona_demographic,thermometer_white_americans,2020,regisunregistered,-0.7129596374609921,-0.5889080223420462,0.12405161511894591,0.9538642040927885,FALSE,FALSE
B_persona_demographic,thermometer_white_americans,2020,interestsometimes,-3.9043669782168458,-0.7434523159267261,3.1609146622901196,0.5255419952939769,FALSE,FALSE
B_persona_demographic,thermometer_white_americans,2020,interestfrequently,-2.3098232355267623,-0.5837710906228795,1.7260521449038828,0.7282790704964668,FALSE,FALSE
B_persona_demographic,thermometer_white_americans,2020,interestregularly,-4.230327404258599,0.07587732500544675,4.306204729264046,0.3839374488321532,FALSE,FALSE
B_persona_demographic,thermometer_white_americans,2020,interestalways,-3.7579747974120004,-0.22189263779490087,3.5360821596170995,0.4763486400768815,FALSE,FALSE
B_persona_demographic,thermometer_white_americans,2020,marstsingle,-2.8352056975427167,-1.3564953765198449,1.4787103210228718,0.12316040591278907,FALSE,FALSE
B_persona_demographic,thermometer_white_americans,2020,marstdivorced,-0.4943072427060784,-1.306421430634714,-0.8121141879286355,0.36815807516576715,FALSE,FALSE
B_persona_demographic,thermometer_white_americans,2020,marstwidowed,0.2503210354698733,-0.09285573572933936,-0.34317677119921264,0.7815666181081535,FALSE,FALSE
B_persona_demographic,thermometer_white_americans,2020,marstseparated,-3.1609898105096903,-0.9527357543458521,2.208254056163838,0.3483475757533844,FALSE,FALSE
B_persona_demographic,thermometer_democratic_party,2016,racethblack,10.04611772179355,5.47943435269052,-4.56668336910303,0.01865989053213464,TRUE,FALSE
B_persona_demographic,thermometer_democratic_party,2016,racethHispanic,9.410016701807937,2.479189680778976,-6.930827021028961,1.0833564291836943e-4,TRUE,FALSE
B_persona_demographic,thermometer_democratic_party,2016,age,0.4727043748799355,-0.7306681312804786,-1.2033725061604141,0.020752156001291155,TRUE,TRUE
B_persona_demographic,thermometer_democratic_party,2016,gendermale,-1.3641413099776234,-0.9900463082607441,0.37409500171687926,0.6655876251516508,FALSE,FALSE
B_persona_demographic,thermometer_democratic_party,2016,ideo3Moderate,-7.852728792777776,-10.985497223115855,-3.1327684303380794,0.013732596642786163,TRUE,FALSE
B_persona_demographic,thermometer_democratic_party,2016,ideo3Conservative,-21.61279568555464,-22.598096629796636,-0.9853009442419961,0.5003095418951213,FALSE,FALSE
B_persona_demographic,thermometer_democratic_party,2016,pidIndependent,-23.60892577857502,-22.127996274839035,1.4809295037359873,0.23594587583012283,FALSE,FALSE
B_persona_demographic,thermometer_democratic_party,2016,pidRepublican,-34.61271115358823,-37.82916657300467,-3.2164554194164396,0.042117685140645636,TRUE,FALSE
B_persona_demographic,thermometer_democratic_party,2016,income,-0.3276693638067609,0.05494543112280881,0.38261479492956973,0.45876574287768934,FALSE,FALSE
B_persona_demographic,thermometer_democratic_party,2016,educationSome college,0.8530694755878566,-0.49374441781420997,-1.3468138934020666,0.2734312157938213,FALSE,FALSE
B_persona_demographic,thermometer_democratic_party,2016,educationBA or more,1.5089299293842684,1.0342299167057452,-0.47470001267852324,0.6849236190404773,FALSE,FALSE
B_persona_demographic,thermometer_democratic_party,2016,regisunregistered,1.712875380267068,-0.3321133012870954,-2.0449886815541634,0.3617012490769773,FALSE,FALSE
B_persona_demographic,thermometer_democratic_party,2016,interestsometimes,8.496708819429637,0.556073520328729,-7.940635299100908,0.16463789144154162,FALSE,FALSE
B_persona_demographic,thermometer_democratic_party,2016,interestfrequently,6.044337236736778,0.958528197131324,-5.085809039605454,0.3753719104948121,FALSE,FALSE
B_persona_demographic,thermometer_democratic_party,2016,interestregularly,6.465202794432748,1.226116440219478,-5.23908635421327,0.36025153180016467,FALSE,FALSE
B_persona_demographic,thermometer_democratic_party,2016,interestalways,4.684351941178899,0.5883993746266869,-4.095952566552212,0.47952851227307414,FALSE,FALSE
B_persona_demographic,thermometer_democratic_party,2016,marstsingle,2.5225144364501646,0.5392534421185462,-1.9832609943316184,0.129336469357814,FALSE,FALSE
B_persona_demographic,thermometer_democratic_party,2016,marstdivorced,0.2086699540300192,0.4962807264204907,0.2876107723904715,0.8273328204812441,FALSE,FALSE
B_persona_demographic,thermometer_democratic_party,2016,marstwidowed,4.698664774873204,0.2677748067785499,-4.430889968094654,0.019665156427459907,TRUE,FALSE
B_persona_demographic,thermometer_democratic_party,2016,marstseparated,-2.9771117163547487,0.677379135932064,3.6544908522868127,0.3853294362499088,FALSE,FALSE
B_persona_demographic,thermometer_democratic_party,2020,racethblack,11.468865873602441,6.151827489632919,-5.317038383969522,2.4456873399724676e-6,TRUE,FALSE
B_persona_demographic,thermometer_democratic_party,2020,racethHispanic,7.24620568515808,2.122187949490888,-5.124017735667192,5.460956507275887e-6,TRUE,FALSE
B_persona_demographic,thermometer_democratic_party,2020,age,1.932070600126375,-0.5578609200942941,-2.489931520220669,7.684323898262333e-13,TRUE,TRUE
B_persona_demographic,thermometer_democratic_party,2020,gendermale,-1.7185239419396345,-1.2490172326478537,0.46950670929178084,0.397088129046699,FALSE,FALSE
B_persona_demographic,thermometer_democratic_party,2020,ideo3Moderate,-6.265907603180426,-12.099245700632423,-5.833338097451998,2.7389804285544665e-11,TRUE,FALSE
B_persona_demographic,thermometer_democratic_party,2020,ideo3Conservative,-26.357566772254053,-25.301487263116986,1.056079509137067,0.3252376861469698,FALSE,FALSE
B_persona_demographic,thermometer_democratic_party,2020,pidIndependent,-23.17704604151717,-21.71320949243306,1.463836549084112,0.07955948293939967,FALSE,FALSE
B_persona_demographic,thermometer_democratic_party,2020,pidRepublican,-37.12060976471942,-36.60326469418793,0.5173450705314928,0.6447215923531102,FALSE,FALSE
B_persona_demographic,thermometer_democratic_party,2020,income,0.20375839230588444,0.005107109773459739,-0.1986512825324247,0.5198576586118417,FALSE,FALSE
B_persona_demographic,thermometer_democratic_party,2020,educationSome college,-0.3596129701947879,0.05163741987857251,0.4112503900733604,0.6055409488964749,FALSE,FALSE
B_persona_demographic,thermometer_democratic_party,2020,educationBA or more,0.7676198587051115,1.0654962299973498,0.2978763712922383,0.6877939012587654,FALSE,FALSE
B_persona_demographic,thermometer_democratic_party,2020,regisunregistered,-0.28061994018973624,-0.0020975632683094547,0.2785223769214268,0.7598967150887084,FALSE,FALSE
B_persona_demographic,thermometer_democratic_party,2020,interestsometimes,-5.357261208885582,1.5066732965346672,6.863934505420249,0.1262880006599043,FALSE,FALSE
B_persona_demographic,thermometer_democratic_party,2020,interestfrequently,-6.773526602924257,1.3237724186125686,8.097299021536825,0.07031753639609685,FALSE,FALSE
B_persona_demographic,thermometer_democratic_party,2020,interestregularly,-6.718737731959335,1.3576532044132392,8.076390936372574,0.06950736942108016,FALSE,FALSE
B_persona_demographic,thermometer_democratic_party,2020,interestalways,-7.41608681435363,1.1930567688504272,8.609143583204057,0.05390414420077928,FALSE,FALSE
B_persona_demographic,thermometer_democratic_party,2020,marstsingle,0.742994117424165,1.030543406386104,0.2875492889619391,0.7355736084664299,FALSE,FALSE
B_persona_demographic,thermometer_democratic_party,2020,marstdivorced,1.4687220846208584,0.6404538829951774,-0.828268201625681,0.34533726689744615,FALSE,FALSE
B_persona_demographic,thermometer_democratic_party,2020,marstwidowed,3.6450693007138026,0.9297587544490407,-2.715310546264762,0.016062762503198283,TRUE,FALSE
B_persona_demographic,thermometer_democratic_party,2020,marstseparated,4.216198051771038,0.16552025887735766,-4.05067779289368,0.08453974712724732,FALSE,FALSE
B_persona_demographic,thermometer_republican_party,2016,racethblack,-8.105103011086396,-7.339064566362534,0.7660384447238613,0.6703872078264907,FALSE,FALSE
B_persona_demographic,thermometer_republican_party,2016,racethHispanic,-0.7145923781811754,-2.8666296109104836,-2.1520372327293082,0.22782311887075357,FALSE,FALSE
B_persona_demographic,thermometer_republican_party,2016,age,-0.06603569982319726,1.2077949902804508,1.273830690103648,0.018019767685963726,TRUE,TRUE
B_persona_demographic,thermometer_republican_party,2016,gendermale,-2.6627122499144438,1.163060518780095,3.825772768694539,1.9437764903574718e-5,TRUE,TRUE
B_persona_demographic,thermometer_republican_party,2016,ideo3Moderate,10.866781491136503,10.903819532579409,0.03703804144290501,0.9765994798173605,FALSE,FALSE
B_persona_demographic,thermometer_republican_party,2016,ideo3Conservative,17.227358419323174,21.48972752627221,4.262369106949034,0.0030740959458980667,TRUE,FALSE
B_persona_demographic,thermometer_republican_party,2016,pidIndependent,9.993550922125438,14.662659989942004,4.6691090678165645,1.301299528084377e-4,TRUE,FALSE
B_persona_demographic,thermometer_republican_party,2016,pidRepublican,29.87508865298218,38.87539791090562,9.000309257923442,1.0299618992731012e-8,TRUE,FALSE
B_persona_demographic,thermometer_republican_party,2016,income,-1.1951271774527186,0.30343569266442305,1.4985628701171416,0.008307794058060172,TRUE,TRUE
B_persona_demographic,thermometer_republican_party,2016,educationSome college,0.3807682583505886,0.24542320343306867,-0.1353450549175199,0.9154081635028339,FALSE,FALSE
B_persona_demographic,thermometer_republican_party,2016,educationBA or more,-3.1306442770317693,-1.2547321123672734,1.8759121646644958,0.11826826416910931,FALSE,FALSE
B_persona_demographic,thermometer_republican_party,2016,regisunregistered,1.78113623428214,-0.11484182417277689,-1.8959780584549168,0.32705152687318806,FALSE,FALSE
B_persona_demographic,thermometer_republican_party,2016,interestsometimes,9.339381366004195,-0.16795016593198575,-9.507331531936181,0.11024825403575979,FALSE,FALSE
B_persona_demographic,thermometer_republican_party,2016,interestfrequently,9.734804680113763,0.27612900590307277,-9.45867567421069,0.11238678435447956,FALSE,FALSE
B_persona_demographic,thermometer_republican_party,2016,interestregularly,8.241661097604306,0.03932548496071675,-8.202335612643589,0.16579508294043785,FALSE,FALSE
B_persona_demographic,thermometer_republican_party,2016,interestalways,4.322621805814865,0.5269625279883234,-3.795659277826542,0.5238207906254688,FALSE,FALSE
B_persona_demographic,thermometer_republican_party,2016,marstsingle,-1.1073973924561407,-1.3677242956094529,-0.2603269031533122,0.8448238206766318,FALSE,FALSE
B_persona_demographic,thermometer_republican_party,2016,marstdivorced,-1.3064072405172698,-1.7283892962311573,-0.4219820557138876,0.7576355641049402,FALSE,FALSE
B_persona_demographic,thermometer_republican_party,2016,marstwidowed,2.5608265129198022,-0.6258665442557332,-3.1866930571755354,0.10414441589347347,FALSE,FALSE
B_persona_demographic,thermometer_republican_party,2016,marstseparated,-3.1377599724728356,-1.4413128863626667,1.6964470861101688,0.7204574245492921,FALSE,FALSE
B_persona_demographic,thermometer_republican_party,2020,racethblack,-2.955262835800007,-7.498257913264293,-4.542995077464286,1.4450675393315975e-4,TRUE,FALSE
B_persona_demographic,thermometer_republican_party,2020,racethHispanic,-1.1725554561610603,-2.1352725808452666,-0.9627171246842061,0.3798672494280493,FALSE,FALSE
B_persona_demographic,thermometer_republican_party,2020,age,-0.1868830715067784,0.9856961925049212,1.1725792640116997,7.516076707687802e-4,TRUE,TRUE
B_persona_demographic,thermometer_republican_party,2020,gendermale,-2.5981770928970986,0.964075799058814,3.5622528919559127,3.920049177373376e-10,TRUE,TRUE
B_persona_demographic,thermometer_republican_party,2020,ideo3Moderate,10.108016259888988,11.145548680800266,1.0375324209112784,0.24445686986677154,FALSE,FALSE
B_persona_demographic,thermometer_republican_party,2020,ideo3Conservative,25.99783198805879,24.31608207651099,-1.681749911547797,0.12499311869460392,FALSE,FALSE
B_persona_demographic,thermometer_republican_party,2020,pidIndependent,12.694692509094569,13.44069036518502,0.7459978560904512,0.3648927674010547,FALSE,FALSE
B_persona_demographic,thermometer_republican_party,2020,pidRepublican,37.36373127542042,37.41179699605273,0.04806572063230634,0.9670014643680358,FALSE,FALSE
B_persona_demographic,thermometer_republican_party,2020,income,-0.8363651433460875,0.16616479551359098,1.0025299388596784,0.0014477864471892589,TRUE,TRUE
B_persona_demographic,thermometer_republican_party,2020,educationSome college,-1.7844361766199661,-0.3752879830894007,1.4091481935305654,0.09194315801632076,FALSE,FALSE
B_persona_demographic,thermometer_republican_party,2020,educationBA or more,-5.859009635614904,-1.1448390196707834,4.714170615944121,4.32748054852704e-10,TRUE,FALSE
B_persona_demographic,thermometer_republican_party,2020,regisunregistered,1.9585978542221523,-0.6038478324681837,-2.562445686690336,0.006738806644861118,TRUE,TRUE
B_persona_demographic,thermometer_republican_party,2020,interestsometimes,0.1425999827257285,-0.6502297895409828,-0.7928297722667113,0.8853123421892255,FALSE,FALSE
B_persona_demographic,thermometer_republican_party,2020,interestfrequently,0.5512937122158101,0.2522706770539864,-0.2990230351618237,0.9564211166816083,FALSE,FALSE
B_persona_demographic,thermometer_republican_party,2020,interestregularly,-1.3797640562489164,0.30928883690256637,1.6890528931514828,0.7568789309745901,FALSE,FALSE
B_persona_demographic,thermometer_republican_party,2020,interestalways,-4.166400275045162,0.06998757267662281,4.236387847721785,0.43898346876752636,FALSE,FALSE
B_persona_demographic,thermometer_republican_party,2020,marstsingle,-2.6036964725978056,-1.988642649001779,0.6150538235960266,0.4631368708098388,FALSE,FALSE
B_persona_demographic,thermometer_republican_party,2020,marstdivorced,-1.6151402910637622,-2.0179618012247666,-0.4028215101610044,0.6685381350686304,FALSE,FALSE
B_persona_demographic,thermometer_republican_party,2020,marstwidowed,-0.5679447887695672,-0.7790008039049408,-0.21105601513537353,0.8586590097825456,FALSE,FALSE
B_persona_demographic,thermometer_republican_party,2020,marstseparated,-2.3492884689566154,-1.927796794460292,0.4214916744963233,0.8796896243313121,FALSE,FALSE
B_persona_demographic,thermometer_christians,2016,racethblack,1.876890107634936,1.738489385791425,-0.13840072184351104,0.9574923522416876,FALSE,FALSE
B_persona_demographic,thermometer_christians,2016,racethHispanic,0.39354510751346494,1.3164467713041805,0.9229016637907157,0.6113630100947829,FALSE,FALSE
B_persona_demographic,thermometer_christians,2016,age,2.6107058583290987,1.7473959157994012,-0.8633099425296975,0.1317027947605003,FALSE,FALSE
B_persona_demographic,thermometer_christians,2016,gendermale,-3.789071530053594,-0.8161997147364248,2.9728718153171694,0.0035251056253284754,TRUE,FALSE
B_persona_demographic,thermometer_christians,2016,ideo3Moderate,5.847962941083223,5.613081088544746,-0.23488185253847682,0.8716782872153023,FALSE,FALSE
B_persona_demographic,thermometer_christians,2016,ideo3Conservative,10.609438962049802,10.786306812872958,0.17686785082315537,0.9060468548547521,FALSE,FALSE
B_persona_demographic,thermometer_christians,2016,pidIndependent,0.9324518001546076,1.9899052101810126,1.057453410026405,0.432594748341378,FALSE,FALSE
B_persona_demographic,thermometer_christians,2016,pidRepublican,5.348906989886266,11.673018050291486,6.32411106040522,7.913345144724534e-5,TRUE,FALSE
B_persona_demographic,thermometer_christians,2016,income,1.043914858168171,-0.47481168912586136,-1.5187265472940323,0.023147078667652823,TRUE,TRUE
B_persona_demographic,thermometer_christians,2016,educationSome college,0.0866295436281494,-1.0867618054286656,-1.173391349056815,0.4171064973594465,FALSE,FALSE
B_persona_demographic,thermometer_christians,2016,educationBA or more,-0.6038446242386315,-2.035329618053046,-1.4314849938144145,0.3116739757418815,FALSE,FALSE
B_persona_demographic,thermometer_christians,2016,regisunregistered,-3.5124820849594376,-1.2820765424662195,2.230405542493218,0.32370724431213305,FALSE,FALSE
B_persona_demographic,thermometer_christians,2016,interestsometimes,-3.772833476836931,0.48731428677237965,4.260147763609311,0.21669569728917834,FALSE,FALSE
B_persona_demographic,thermometer_christians,2016,interestfrequently,-3.405007900472194,0.3454233480220781,3.750431248494272,0.277412037614898,FALSE,FALSE
B_persona_demographic,thermometer_christians,2016,interestregularly,-4.9684416187521805,0.7226361455283694,5.69107776428055,0.09513953807769743,FALSE,FALSE
B_persona_demographic,thermometer_christians,2016,interestalways,-5.097263792077705,0.8249020473897968,5.922165839467501,0.09301507451771167,FALSE,FALSE
B_persona_demographic,thermometer_christians,2016,marstsingle,0.25574594222429603,-2.164732994512109,-2.420478936736405,0.08834595147023627,FALSE,FALSE
B_persona_demographic,thermometer_christians,2016,marstdivorced,-0.6449846496524989,-1.9894248277516082,-1.3444401780991093,0.37845587949800685,FALSE,FALSE
B_persona_demographic,thermometer_christians,2016,marstwidowed,-1.4777150463505677,1.055649022822947,2.5333640691735146,0.244694236697791,FALSE,FALSE
B_persona_demographic,thermometer_christians,2016,marstseparated,1.9123883940683157,-0.8862223452405971,-2.798610739308913,0.3428761430437459,FALSE,FALSE
B_persona_demographic,thermometer_christians,2020,racethblack,11.04824959204407,-0.07714940106992252,-11.125398993113993,5.867772907392098e-15,TRUE,TRUE
B_persona_demographic,thermometer_christians,2020,racethHispanic,1.880916516098781,0.9097369785992319,-0.9711795374995492,0.41670888862237965,FALSE,FALSE
B_persona_demographic,thermometer_christians,2020,age,3.948572798233453,1.7456549313714866,-2.2029178668619664,4.3112379987514104e-8,TRUE,FALSE
B_persona_demographic,thermometer_christians,2020,gendermale,-3.8776749597673486,-0.5919847368608862,3.2856902229064624,7.68860772242278e-7,TRUE,FALSE
B_persona_demographic,thermometer_christians,2020,ideo3Moderate,9.827327721202183,5.289823178903094,-4.5375045422990885,8.69802876121148e-6,TRUE,FALSE
B_persona_demographic,thermometer_christians,2020,ideo3Conservative,17.98792583114143,11.5068276497096,-6.481098181431829,2.7515420331956956e-9,TRUE,FALSE
B_persona_demographic,thermometer_christians,2020,pidIndependent,-1.648779773091002,1.345649884807933,2.994429657898935,0.002481545917079529,TRUE,TRUE
B_persona_demographic,thermometer_christians,2020,pidRepublican,6.738668571026538,9.87292348391118,3.134254912884642,0.006795553290925607,TRUE,FALSE
B_persona_demographic,thermometer_christians,2020,income,-0.11791355724380082,-0.2029289335883726,-0.08501537634457179,0.8153166103827513,FALSE,FALSE
B_persona_demographic,thermometer_christians,2020,educationSome college,-0.10324126892119839,-0.4677177480194999,-0.3644764790983015,0.6952905616145246,FALSE,FALSE
B_persona_demographic,thermometer_christians,2020,educationBA or more,-0.5016105139309606,-1.2673625740405547,-0.7657520601095942,0.3654520478774166,FALSE,FALSE
B_persona_demographic,thermometer_christians,2020,regisunregistered,-1.0076687944060638,-0.5623718252008844,0.44529696920517947,0.8463795725371395,FALSE,FALSE
B_persona_demographic,thermometer_christians,2020,interestsometimes,-3.7282335038414045,-0.14725576418340935,3.580977739657995,0.4147148318768672,FALSE,FALSE
B_persona_demographic,thermometer_christians,2020,interestfrequently,-5.0577478383868115,0.13263959576299467,5.190387434149806,0.23526730320483003,FALSE,FALSE
B_persona_demographic,thermometer_christians,2020,interestregularly,-4.842095115657671,0.6961073472549986,5.538202462912669,0.20066613986936968,FALSE,FALSE
B_persona_demographic,thermometer_christians,2020,interestalways,-6.320434897592584,0.724069976500819,7.044504874093403,0.105358066692741,FALSE,FALSE
B_persona_demographic,thermometer_christians,2020,marstsingle,-3.3368677830946525,-1.7375852511620349,1.5992825319326176,0.1307662437933431,FALSE,FALSE
B_persona_demographic,thermometer_christians,2020,marstdivorced,-1.7387776631778546,-1.6797859464560734,0.05899171672178127,0.9531075633597544,FALSE,FALSE
B_persona_demographic,thermometer_christians,2020,marstwidowed,-0.3124638125765524,0.40698845854047994,0.7194522711170324,0.5710177836428671,FALSE,FALSE
B_persona_demographic,thermometer_christians,2020,marstseparated,-2.2042917089242167,-1.0411309727440141,1.1631607361802025,0.6547834681127969,FALSE,FALSE
C_population_grounded,thermometer_jews,2016,racethblack,0.006954047167477828,0.5515292741032565,0.5445752269357786,0.7675250052066628,FALSE,FALSE
C_population_grounded,thermometer_jews,2016,racethHispanic,-0.36355628292370046,-0.04065365376351793,0.32290262916018253,0.8377900933354305,FALSE,FALSE
C_population_grounded,thermometer_jews,2016,age,0.9083705414011445,3.8473611901523874e-4,-0.9079858052821292,0.06862644969818558,FALSE,FALSE
C_population_grounded,thermometer_jews,2016,gendermale,-5.772546924226773,-1.0612318020816565,4.711315122145116,4.238676890539745e-8,TRUE,FALSE
C_population_grounded,thermometer_jews,2016,ideo3Moderate,-7.210973687061849,-2.9655166382162363,4.245457048845613,4.05998127119499e-4,TRUE,FALSE
C_population_grounded,thermometer_jews,2016,ideo3Conservative,-3.3516021501456175,-2.2978807312846823,1.0537214188609352,0.4041432402556201,FALSE,FALSE
C_population_grounded,thermometer_jews,2016,pidIndependent,-1.0474326604564952,-3.525423306118582,-2.477990645662087,0.027898079719314454,TRUE,FALSE
C_population_grounded,thermometer_jews,2016,pidRepublican,-0.7672458260139152,-1.0529769539082379,-0.28573112789432276,0.8389619708236131,FALSE,FALSE
C_population_grounded,thermometer_jews,2016,income,-7.809224974359985e-4,0.35532247636802783,0.3561033988654638,0.49840257158990964,FALSE,FALSE
C_population_grounded,thermometer_jews,2016,educationSome college,0.7286740458814706,0.21863565671736296,-0.5100383891641076,0.6637772965126887,FALSE,FALSE
C_population_grounded,thermometer_jews,2016,educationBA or more,2.1020960354784624,1.0423261147326965,-1.0597699207457658,0.3485021380124367,FALSE,FALSE
C_population_grounded,thermometer_jews,2016,regisunregistered,-8.535613237514566,-0.9461517904748504,7.5894614470397155,3.7835206754301084e-5,TRUE,FALSE
C_population_grounded,thermometer_jews,2016,interestsometimes,2.5423264333699196,2.594242133284238,0.051915699914318214,0.9899385490053104,FALSE,FALSE
C_population_grounded,thermometer_jews,2016,interestfrequently,5.299180206577255,3.5624390610065952,-1.7367411455706594,0.6721351679403604,FALSE,FALSE
C_population_grounded,thermometer_jews,2016,interestregularly,6.58983431983067,3.8070053671169353,-2.782828952713735,0.4955696382725242,FALSE,FALSE
C_population_grounded,thermometer_jews,2016,interestalways,9.247751088876136,3.6233762772186484,-5.624374811657487,0.17468830737877097,FALSE,FALSE
C_population_grounded,thermometer_jews,2016,marstsingle,-0.2128154004145113,-0.5006306586527591,-0.28781525823824783,0.8221476073411074,FALSE,FALSE
C_population_grounded,thermometer_jews,2016,marstdivorced,-1.291297658035722,-1.1589470277553966,0.13235063028032545,0.918070180294011,FALSE,FALSE
C_population_grounded,thermometer_jews,2016,marstwidowed,-1.3275404279811354,-0.897393066818545,0.43014736116259034,0.8072004074600265,FALSE,FALSE
C_population_grounded,thermometer_jews,2016,marstseparated,0.3686926461755604,-1.6094745108405277,-1.9781671570160881,0.5574647619346127,FALSE,FALSE
C_population_grounded,thermometer_jews,2020,racethblack,-6.71035792437519,0.8289489508390746,7.5393068752142645,2.7356992935135814e-8,TRUE,TRUE
C_population_grounded,thermometer_jews,2020,racethHispanic,0.6062485890681217,0.15120875141674872,-0.455039837651373,0.6948848666806609,FALSE,FALSE
C_population_grounded,thermometer_jews,2020,age,1.1684548255150813,-0.25640402258057415,-1.4248588480956554,8.443516561852737e-5,TRUE,TRUE
C_population_grounded,thermometer_jews,2020,gendermale,-3.6887334697471847,-1.3718987233753426,2.316834746371842,1.7339754034043756e-4,TRUE,FALSE
C_population_grounded,thermometer_jews,2020,ideo3Moderate,-2.8187295990800094,-3.094267600341604,-0.27553800126159445,0.7608060330677019,FALSE,FALSE
C_population_grounded,thermometer_jews,2020,ideo3Conservative,-0.5209735106388942,-2.854009344731044,-2.3330358340921498,0.020443426650469613,TRUE,FALSE
C_population_grounded,thermometer_jews,2020,pidIndependent,-3.998475798779991,-3.6114831080672682,0.3869926907127228,0.6455191133051155,FALSE,FALSE
C_population_grounded,thermometer_jews,2020,pidRepublican,-3.0370863913174806,-1.2898457160507784,1.7472406752667022,0.10285667794161722,FALSE,FALSE
C_population_grounded,thermometer_jews,2020,income,0.42872138433808993,0.3995033198868916,-0.029218064451198344,0.9305453344426758,FALSE,FALSE
C_population_grounded,thermometer_jews,2020,educationSome college,3.1609734421102407,0.2439059626467741,-2.9170674794634666,0.001488227822058195,TRUE,FALSE
C_population_grounded,thermometer_jews,2020,educationBA or more,4.5109603204358075,1.0405132918319868,-3.4704470286038207,3.25556114072949e-5,TRUE,FALSE
C_population_grounded,thermometer_jews,2020,regisunregistered,-3.763256719920599,-1.381855606988963,2.381401112931636,0.2535776817570856,FALSE,FALSE
C_population_grounded,thermometer_jews,2020,interestsometimes,-6.93103279457876,2.6805061190569948,9.611538913635755,0.05605605169694982,FALSE,FALSE
C_population_grounded,thermometer_jews,2020,interestfrequently,-2.92841225203194,3.240939829347255,6.169352081379195,0.2178360588835815,FALSE,FALSE
C_population_grounded,thermometer_jews,2020,interestregularly,-1.6002831014171193,3.7449618611616557,5.345244962578775,0.28268564135662305,FALSE,FALSE
C_population_grounded,thermometer_jews,2020,interestalways,0.8699413062835994,4.227139394065999,3.3571980877823995,0.5010704909808653,FALSE,FALSE
C_population_grounded,thermometer_jews,2020,marstsingle,-1.397910208123256,0.324832281741652,1.722742489864908,0.06753167653259998,FALSE,FALSE
C_population_grounded,thermometer_jews,2020,marstdivorced,-1.2657078290351698,-0.6872425906009778,0.578465238434192,0.5362662842096486,FALSE,FALSE
C_population_grounded,thermometer_jews,2020,marstwidowed,0.05031297109339006,-0.9284414619003019,-0.9787544329936919,0.40659068346480276,FALSE,FALSE
C_population_grounded,thermometer_jews,2020,marstseparated,-1.421377055102269,-0.9489664314630346,0.4724106236392345,0.8550861612850844,FALSE,FALSE
C_population_grounded,thermometer_muslims,2016,racethblack,4.8306279279281075,5.441817281149834,0.611189353221727,0.7390189851201723,FALSE,FALSE
C_population_grounded,thermometer_muslims,2016,racethHispanic,0.3402378047122431,2.8064924017257433,2.4662545970135,0.15927365498880885,FALSE,FALSE
C_population_grounded,thermometer_muslims,2016,age,-0.6499163760658402,-2.3662363324585827,-1.7163199563927425,0.0016610875781884733,TRUE,FALSE
C_population_grounded,thermometer_muslims,2016,gendermale,-3.2406393757927003,-1.180001594187686,2.0606377816050143,0.03198957527906687,TRUE,FALSE
C_population_grounded,thermometer_muslims,2016,ideo3Moderate,-7.54275514381054,-7.698350332915713,-0.155595189105173,0.8997450165832708,FALSE,FALSE
C_population_grounded,thermometer_muslims,2016,ideo3Conservative,-12.57066876901193,-14.541395679415672,-1.9707269104037433,0.1655462116042301,FALSE,FALSE
C_population_grounded,thermometer_muslims,2016,pidIndependent,-1.4018963712506667,-6.310081711247121,-4.908185339996455,3.876599343878465e-5,TRUE,FALSE
C_population_grounded,thermometer_muslims,2016,pidRepublican,-9.668370460418473,-14.024248982092221,-4.3558785216737474,0.004293271463309552,TRUE,FALSE
C_population_grounded,thermometer_muslims,2016,income,0.8147469792023009,0.7470501105346731,-0.06769686866762781,0.9082278276068442,FALSE,FALSE
C_population_grounded,thermometer_muslims,2016,educationSome college,1.7798956827581502,0.46210301620362326,-1.317792666554527,0.3040021547019686,FALSE,FALSE
C_population_grounded,thermometer_muslims,2016,educationBA or more,6.093233067631156,2.674065127828232,-3.419167939802924,0.0055090535752236975,TRUE,FALSE
C_population_grounded,thermometer_muslims,2016,regisunregistered,-5.464752459341867,-0.9900117945797708,4.474740664762096,0.019484875909719295,TRUE,FALSE
C_population_grounded,thermometer_muslims,2016,interestsometimes,-2.8480715317013843,1.4759878492039702,4.3240593809053545,0.33941438584265005,FALSE,FALSE
C_population_grounded,thermometer_muslims,2016,interestfrequently,-0.20446864857450642,1.823540035701571,2.0280086842760774,0.6517556315263904,FALSE,FALSE
C_population_grounded,thermometer_muslims,2016,interestregularly,1.420536662866441,2.07240911213339,0.651872449266949,0.8840061572032418,FALSE,FALSE
C_population_grounded,thermometer_muslims,2016,interestalways,1.1732294615191536,1.7460162260535164,0.5727867645343627,0.8995031706355467,FALSE,FALSE
C_population_grounded,thermometer_muslims,2016,marstsingle,0.7626400961475466,0.4745892232291733,-0.2880508729183733,0.8352167006311081,FALSE,FALSE
C_population_grounded,thermometer_muslims,2016,marstdivorced,-3.192082757173901,-0.2025138864324516,2.9895688707414494,0.039977113091785185,TRUE,FALSE
C_population_grounded,thermometer_muslims,2016,marstwidowed,-0.21085612879326998,-1.6868860339541647,-1.4760299051608947,0.4643502779435358,FALSE,FALSE
C_population_grounded,thermometer_muslims,2016,marstseparated,-4.387657280633682,-0.4174907220876847,3.9701665585459978,0.3994193622518718,FALSE,FALSE
C_population_grounded,thermometer_muslims,2020,racethblack,2.438136825935443,5.465322095073721,3.027185269138278,0.022322015009800293,TRUE,FALSE
C_population_grounded,thermometer_muslims,2020,racethHispanic,3.1601635165534567,2.9754862634250783,-0.18467725312837824,0.8835235377794777,FALSE,FALSE
C_population_grounded,thermometer_muslims,2020,age,-2.7294498113090606,-2.2985083141037803,0.4309414972052805,0.27942926545131735,FALSE,FALSE
C_population_grounded,thermometer_muslims,2020,gendermale,-4.295891590732523,-1.5045940459932776,2.791297544739245,2.1800986393826006e-5,TRUE,FALSE
C_population_grounded,thermometer_muslims,2020,ideo3Moderate,-5.012340124702886,-7.741926157905512,-2.7295860332026254,0.002871997948595045,TRUE,FALSE
C_population_grounded,thermometer_muslims,2020,ideo3Conservative,-12.337102382240447,-14.551473551668474,-2.214371169428027,0.04068341383937174,TRUE,FALSE
C_population_grounded,thermometer_muslims,2020,pidIndependent,-5.067592402453135,-6.432584415079509,-1.3649920126263742,0.11989773993715137,FALSE,FALSE
C_population_grounded,thermometer_muslims,2020,pidRepublican,-12.055674424459749,-12.856938777872227,-0.8012643534124774,0.4918883436525554,FALSE,FALSE
C_population_grounded,thermometer_muslims,2020,income,0.6722312757057461,0.7723710148277435,0.10013973912199736,0.7905574439786981,FALSE,FALSE
C_population_grounded,thermometer_muslims,2020,educationSome college,2.5666895601703152,0.8396843600341453,-1.72700520013617,0.07514077823294352,FALSE,FALSE
C_population_grounded,thermometer_muslims,2020,educationBA or more,5.189712360653612,3.0240153647395127,-2.1656969959140993,0.01596235342298155,TRUE,FALSE
C_population_grounded,thermometer_muslims,2020,regisunregistered,-2.2764547425605826,-0.344359101591897,1.9320956409686856,0.37660167843863035,FALSE,FALSE
C_population_grounded,thermometer_muslims,2020,interestsometimes,-10.276084529467765,3.111272403827215,13.38735693329498,0.014880170755167215,TRUE,TRUE
C_population_grounded,thermometer_muslims,2020,interestfrequently,-7.235520639651272,3.185432077055909,10.42095271670718,0.05722785928488746,FALSE,FALSE
C_population_grounded,thermometer_muslims,2020,interestregularly,-6.97310062591883,3.311117429963085,10.284218055881915,0.059980664982627566,FALSE,FALSE
C_population_grounded,thermometer_muslims,2020,interestalways,-5.5479271715756004,3.5639472528062592,9.11187442438186,0.09758139479389763,FALSE,FALSE
C_population_grounded,thermometer_muslims,2020,marstsingle,-0.6617356172940534,1.2714933226683307,1.933228939962384,0.05104559111202352,FALSE,FALSE
C_population_grounded,thermometer_muslims,2020,marstdivorced,-1.5974295899538014,-0.4292450195954718,1.1681845703583296,0.2448107389895013,FALSE,FALSE
C_population_grounded,thermometer_muslims,2020,marstwidowed,1.3240485667916753,-0.6055323553832102,-1.9295809221748854,0.1305359474833627,FALSE,FALSE
C_population_grounded,thermometer_muslims,2020,marstseparated,0.35618147204743167,-0.8953235305329983,-1.25150500258043,0.6272827629875105,FALSE,FALSE
C_population_grounded,thermometer_liberals,2016,racethblack,2.7630060045525697,3.2959949504800483,0.5329889459274786,0.7702762642459274,FALSE,FALSE
C_population_grounded,thermometer_liberals,2016,racethHispanic,3.617157719724517,1.188188056156143,-2.428969663568374,0.11547513837830871,FALSE,FALSE
C_population_grounded,thermometer_liberals,2016,age,0.17553764866867572,-1.5122670378812861,-1.6878046865499619,4.8566303384854615e-4,TRUE,TRUE
C_population_grounded,thermometer_liberals,2016,gendermale,-3.8309487408204532,-0.835323737438491,2.9956250033819622,2.696974810688092e-4,TRUE,FALSE
C_population_grounded,thermometer_liberals,2016,ideo3Moderate,-16.30941591867436,-15.0481577222435,1.2612581964308613,0.2534490026501706,FALSE,FALSE
C_population_grounded,thermometer_liberals,2016,ideo3Conservative,-35.72410000125178,-28.555728329330964,7.168371671920814,2.1291324899586193e-8,TRUE,FALSE
C_population_grounded,thermometer_liberals,2016,pidIndependent,-7.58289293027543,-16.424251117080367,-8.841358186804936,1.809703722849407e-15,TRUE,FALSE
C_population_grounded,thermometer_liberals,2016,pidRepublican,-14.215239301592591,-31.684627801748306,-17.469388500155716,7.880715432237652e-34,TRUE,FALSE
C_population_grounded,thermometer_liberals,2016,income,0.12482066241247536,0.1310211744382347,0.0062005120257593305,0.9902285305612287,FALSE,FALSE
C_population_grounded,thermometer_liberals,2016,educationSome college,0.4504830790121858,-0.282674884058789,-0.7331579630709748,0.5305153938006892,FALSE,FALSE
C_population_grounded,thermometer_liberals,2016,educationBA or more,2.7493080111966353,1.5435238034036736,-1.2057842077929617,0.2728549898590264,FALSE,FALSE
C_population_grounded,thermometer_liberals,2016,regisunregistered,-0.13736769665732732,-0.45219529010919113,-0.3148275934518638,0.862843489478406,FALSE,FALSE
C_population_grounded,thermometer_liberals,2016,interestsometimes,1.8778910629084646,0.60559122743513,-1.2722998354733346,0.7390170630596636,FALSE,FALSE
C_population_grounded,thermometer_liberals,2016,interestfrequently,2.4194010611244674,1.0662825402921083,-1.353118520832359,0.7227791367413456,FALSE,FALSE
C_population_grounded,thermometer_liberals,2016,interestregularly,1.853057827312207,1.3438098591116945,-0.5092479682005124,0.8937401266786613,FALSE,FALSE
C_population_grounded,thermometer_liberals,2016,interestalways,1.8729270533179123,0.6895895056911725,-1.1833375476267398,0.7596935634971924,FALSE,FALSE
C_population_grounded,thermometer_liberals,2016,marstsingle,1.3542283230407341,0.48539273598863764,-0.8688355870520965,0.4566963399620998,FALSE,FALSE
C_population_grounded,thermometer_liberals,2016,marstdivorced,1.4715942095947196,0.1532689527758826,-1.318325256818837,0.2773720035429364,FALSE,FALSE
C_population_grounded,thermometer_liberals,2016,marstwidowed,-2.405250932657796,-0.09551532220556824,2.3097356104522277,0.22215460351443492,FALSE,FALSE
C_population_grounded,thermometer_liberals,2016,marstseparated,-2.2450713987565294,-1.1041086505284383,1.140962748228091,0.7734764911743248,FALSE,FALSE
C_population_grounded,thermometer_liberals,2020,racethblack,0.4452738974186339,4.640235499822589,4.194961602403955,0.0022626176223670045,TRUE,FALSE
C_population_grounded,thermometer_liberals,2020,racethHispanic,3.6246313619800477,1.7893380499789042,-1.8352933120011434,0.13016019573405524,FALSE,FALSE
C_population_grounded,thermometer_liberals,2020,age,1.2662075479444586,-1.3328446587233904,-2.599052206667849,1.5342549268551006e-12,TRUE,TRUE
C_population_grounded,thermometer_liberals,2020,gendermale,-2.1561784231577894,-1.2729913045739076,0.8831871185838817,0.14623326396135078,FALSE,FALSE
C_population_grounded,thermometer_liberals,2020,ideo3Moderate,-14.759427787662045,-15.594210578328711,-0.8347827906666663,0.35462420090451463,FALSE,FALSE
C_population_grounded,thermometer_liberals,2020,ideo3Conservative,-33.026293901364696,-30.229207684910918,2.797086216453776,0.014749502114348362,TRUE,FALSE
C_population_grounded,thermometer_liberals,2020,pidIndependent,-10.934319444552278,-16.064031261983164,-5.129711817430885,1.5774420485746742e-9,TRUE,FALSE
C_population_grounded,thermometer_liberals,2020,pidRepublican,-22.64812755726541,-31.14924543363325,-8.50111787636784,3.0913801645552173e-12,TRUE,FALSE
C_population_grounded,thermometer_liberals,2020,income,1.021945329072115,-0.015300498503545645,-1.0372458275756606,0.001983253970064832,TRUE,TRUE
C_population_grounded,thermometer_liberals,2020,educationSome college,2.783758241799619,0.11284451899279402,-2.670913722806825,0.003980703394482197,TRUE,FALSE
C_population_grounded,thermometer_liberals,2020,educationBA or more,4.024392817037308,1.6498604757088282,-2.3745323413284796,0.0050945487613160475,TRUE,FALSE
C_population_grounded,thermometer_liberals,2020,regisunregistered,2.2616291817227543,0.36839995071046205,-1.8932292310122922,0.40575494160961034,FALSE,FALSE
C_population_grounded,thermometer_liberals,2020,interestsometimes,-8.035459189605131,3.0075515113502007,11.043010700955332,0.02023847320824531,TRUE,TRUE
C_population_grounded,thermometer_liberals,2020,interestfrequently,-7.373273725912802,2.7837097151059096,10.156983441018712,0.03155552257683394,TRUE,TRUE
C_population_grounded,thermometer_liberals,2020,interestregularly,-6.767957104724536,2.8581056666533975,9.626062771377933,0.04063579237513555,TRUE,TRUE
C_population_grounded,thermometer_liberals,2020,interestalways,-7.643942982340297,2.9955403188684695,10.639483301208767,0.02436924530540115,TRUE,TRUE
C_population_grounded,thermometer_liberals,2020,marstsingle,3.081033306034039,0.8617589360655624,-2.2192743699684767,0.019436101182374932,TRUE,FALSE
C_population_grounded,thermometer_liberals,2020,marstdivorced,2.1851925825622733,0.31301448050174274,-1.8721781020605306,0.04018397542653519,TRUE,FALSE
C_population_grounded,thermometer_liberals,2020,marstwidowed,4.287147625877033,0.10711550704797634,-4.180032118829057,7.069571806702852e-4,TRUE,FALSE
C_population_grounded,thermometer_liberals,2020,marstseparated,2.457180751796038,0.37806058104661844,-2.0791201707494196,0.3282945232562442,FALSE,FALSE
C_population_grounded,thermometer_conservatives,2016,racethblack,-0.5838443364734447,-4.062055237806691,-3.4782109013332456,0.05885887568548635,FALSE,FALSE
C_population_grounded,thermometer_conservatives,2016,racethHispanic,1.4950179577851563,-1.0718832593603946,-2.566901217145551,0.1125316499908026,FALSE,FALSE
C_population_grounded,thermometer_conservatives,2016,age,1.66158729817644,1.3792463579612133,-0.28234094021522665,0.5403102756025496,FALSE,FALSE
C_population_grounded,thermometer_conservatives,2016,gendermale,-2.9262271186266418,0.5363462136125126,3.4625733322391543,1.863000443837697e-5,TRUE,TRUE
C_population_grounded,thermometer_conservatives,2016,ideo3Moderate,14.627167434183272,11.322694556866885,-3.304472877316388,0.007058801145950676,TRUE,FALSE
C_population_grounded,thermometer_conservatives,2016,ideo3Conservative,30.724445507471895,27.23418165393449,-3.490263853537408,0.0072368796055128845,TRUE,FALSE
C_population_grounded,thermometer_conservatives,2016,pidIndependent,6.624378433343116,11.7165753280768,5.092196894733685,1.3381072820229196e-5,TRUE,FALSE
C_population_grounded,thermometer_conservatives,2016,pidRepublican,14.692507001111625,28.141773407487044,13.449266406375417,2.3490439529647366e-23,TRUE,FALSE
C_population_grounded,thermometer_conservatives,2016,income,-0.4309466412196108,0.03293636979196091,0.4638830110115717,0.3638167444109821,FALSE,FALSE
C_population_grounded,thermometer_conservatives,2016,educationSome college,-1.1481112816191177,0.028489554425433772,1.1766008360445515,0.296869539884503,FALSE,FALSE
C_population_grounded,thermometer_conservatives,2016,educationBA or more,-2.827563133327775,-1.2488613502225001,1.578701783105275,0.1446537213683969,FALSE,FALSE
C_population_grounded,thermometer_conservatives,2016,regisunregistered,-1.7974738572454942,-0.4970586600672169,1.3004151971782774,0.4934487111517859,FALSE,FALSE
C_population_grounded,thermometer_conservatives,2016,interestsometimes,10.070028284101902,-0.5595470360117432,-10.629575320113645,0.025632006771341982,TRUE,TRUE
C_population_grounded,thermometer_conservatives,2016,interestfrequently,7.810200534118558,-0.29625333252879305,-8.106453866647351,0.08891653434653993,FALSE,FALSE
C_population_grounded,thermometer_conservatives,2016,interestregularly,9.909237241134937,-0.2748655588071074,-10.184102799942044,0.03172173907258489,TRUE,TRUE
C_population_grounded,thermometer_conservatives,2016,interestalways,10.219451753685282,0.08722017294267737,-10.132231580742605,0.034206784611898314,TRUE,FALSE
C_population_grounded,thermometer_conservatives,2016,marstsingle,1.6983177145776955,-0.938437987181914,-2.6367557017596095,0.03783834699404005,TRUE,TRUE
C_population_grounded,thermometer_conservatives,2016,marstdivorced,1.8335945111757153,-1.6966397343302222,-3.5302342455059375,0.0035697462516325502,TRUE,TRUE
C_population_grounded,thermometer_conservatives,2016,marstwidowed,0.5219138404747525,-0.2338704970350296,-0.7557843375097821,0.649709579632882,FALSE,FALSE
C_population_grounded,thermometer_conservatives,2016,marstseparated,-0.5429508981307691,-0.8668680506464881,-0.32391715251571895,0.9181652570145615,FALSE,FALSE
C_population_grounded,thermometer_conservatives,2020,racethblack,4.464618475894762,-4.743466680468805,-9.208085156363566,1.6863129324969704e-10,TRUE,TRUE
C_population_grounded,thermometer_conservatives,2020,racethHispanic,0.2923558991188407,-1.3225124947957363,-1.614868393914577,0.15055465007989802,FALSE,FALSE
C_population_grounded,thermometer_conservatives,2020,age,2.5910343700239276,1.1570370063549487,-1.433997363668979,8.732947385992232e-5,TRUE,FALSE
C_population_grounded,thermometer_conservatives,2020,gendermale,-1.5989418328613907,0.8492372545168971,2.448179087378288,4.515387863240282e-5,TRUE,TRUE
C_population_grounded,thermometer_conservatives,2020,ideo3Moderate,13.23321659109551,11.912811294530112,-1.3204052965653996,0.16509925381050597,FALSE,FALSE
C_population_grounded,thermometer_conservatives,2020,ideo3Conservative,30.39020230321143,28.880701941063567,-1.509500362147866,0.15414732806960224,FALSE,FALSE
C_population_grounded,thermometer_conservatives,2020,pidIndependent,6.241788443474481,11.814274727398171,5.57248628392369,2.943640313062183e-10,TRUE,FALSE
C_population_grounded,thermometer_conservatives,2020,pidRepublican,18.857139192589397,28.014127549772546,9.15698835718315,6.785246277351657e-16,TRUE,FALSE
C_population_grounded,thermometer_conservatives,2020,income,-0.6918102844118603,0.10259693599254494,0.7944072204044053,0.02060236577022757,TRUE,TRUE
C_population_grounded,thermometer_conservatives,2020,educationSome college,0.1304053827944845,-0.5075379601469752,-0.6379433429414596,0.473831607454002,FALSE,FALSE
C_population_grounded,thermometer_conservatives,2020,educationBA or more,-2.2960477412987186,-1.229430328489833,1.0666174128088857,0.1880013711269852,FALSE,FALSE
C_population_grounded,thermometer_conservatives,2020,regisunregistered,0.13208659052632132,-0.7723431429626119,-0.9044297334889332,0.6390794864595916,FALSE,FALSE
C_population_grounded,thermometer_conservatives,2020,interestsometimes,7.840475488145193,-0.24567731410607863,-8.086152802251272,0.11909871023223857,FALSE,FALSE
C_population_grounded,thermometer_conservatives,2020,interestfrequently,7.3044667445174785,0.12141505664929486,-7.183051687868184,0.1646941120336242,FALSE,FALSE
C_population_grounded,thermometer_conservatives,2020,interestregularly,7.132286925243913,0.20910688066786687,-6.923180044576046,0.17833211516868308,FALSE,FALSE
C_population_grounded,thermometer_conservatives,2020,interestalways,4.628436080202789,0.20959006712523376,-4.418846013077555,0.3917298890219896,FALSE,FALSE
C_population_grounded,thermometer_conservatives,2020,marstsingle,-2.3669690300724264,-1.3632239851209125,1.003745044951514,0.2858397139269625,FALSE,FALSE
C_population_grounded,thermometer_conservatives,2020,marstdivorced,-0.3978768341401109,-1.6288567145326045,-1.2309798803924936,0.18004654681479904,FALSE,FALSE
C_population_grounded,thermometer_conservatives,2020,marstwidowed,0.6777451309515898,-0.8322163968062131,-1.509961527757803,0.2148576195671959,FALSE,FALSE
C_population_grounded,thermometer_conservatives,2020,marstseparated,0.8752107429145255,-1.9479498230858283,-2.823160566000354,0.2526345404505448,FALSE,FALSE
C_population_grounded,thermometer_gays_lesbians,2016,racethblack,-6.504516299016894,2.6152038688232526,9.119720167840146,1.902480470504316e-4,TRUE,TRUE
C_population_grounded,thermometer_gays_lesbians,2016,racethHispanic,-1.8104823679679165,0.4082113651813515,2.218693733149268,0.23045254106414792,FALSE,FALSE
C_population_grounded,thermometer_gays_lesbians,2016,age,-3.5901593963173313,-2.279666466753371,1.3104929295639602,0.021703515353628997,TRUE,FALSE
C_population_grounded,thermometer_gays_lesbians,2016,gendermale,-7.335550875632998,-1.417818875843552,5.917731999789446,2.0028767092611805e-9,TRUE,FALSE
C_population_grounded,thermometer_gays_lesbians,2016,ideo3Moderate,-12.169341947427116,-9.339559550409778,2.8297823970173375,0.037561506156603267,TRUE,FALSE
C_population_grounded,thermometer_gays_lesbians,2016,ideo3Conservative,-20.605902572116783,-19.300892818786508,1.305009753330273,0.40662397930575056,FALSE,FALSE
C_population_grounded,thermometer_gays_lesbians,2016,pidIndependent,-1.8875133018536006,-8.180064024216794,-6.292550722363193,1.1282660570138438e-6,TRUE,FALSE
C_population_grounded,thermometer_gays_lesbians,2016,pidRepublican,-7.8700862299479155,-18.163672048571087,-10.293585818623171,2.7866003266581646e-9,TRUE,FALSE
C_population_grounded,thermometer_gays_lesbians,2016,income,2.7365667466237378,0.9195405750762449,-1.817026171547493,0.002297177263882535,TRUE,FALSE
C_population_grounded,thermometer_gays_lesbians,2016,educationSome college,2.2746518717069053,0.9945981747379493,-1.280053696968956,0.3617818693127556,FALSE,FALSE
C_population_grounded,thermometer_gays_lesbians,2016,educationBA or more,4.436380724718444,3.008428156571626,-1.4279525681468177,0.27369896968516066,FALSE,FALSE
C_population_grounded,thermometer_gays_lesbians,2016,regisunregistered,-4.9553538590915736,-1.0074613309720677,3.947892528119506,0.10295807554927469,FALSE,FALSE
C_population_grounded,thermometer_gays_lesbians,2016,interestsometimes,2.0231112681648438,0.6088309558955656,-1.4142803122692782,0.7659729444019008,FALSE,FALSE
C_population_grounded,thermometer_gays_lesbians,2016,interestfrequently,2.3645428777873505,1.2794407509791443,-1.0851021268082062,0.8189459463818166,FALSE,FALSE
C_population_grounded,thermometer_gays_lesbians,2016,interestregularly,6.148172171437323,1.1217387139765709,-5.026433457460752,0.28718165506627674,FALSE,FALSE
C_population_grounded,thermometer_gays_lesbians,2016,interestalways,6.392878894535178,0.4754938428734796,-5.917385051661698,0.214254870509937,FALSE,FALSE
C_population_grounded,thermometer_gays_lesbians,2016,marstsingle,5.166128532590905,1.1409300309852117,-4.0251985016056935,0.004952311302593107,TRUE,FALSE
C_population_grounded,thermometer_gays_lesbians,2016,marstdivorced,0.013229452191755975,0.5751588905281757,0.5619294383364197,0.7037851669944031,FALSE,FALSE
C_population_grounded,thermometer_gays_lesbians,2016,marstwidowed,2.892809325469729,-1.3858310445817734,-4.2786403700515026,0.059090837319161975,FALSE,FALSE
C_population_grounded,thermometer_gays_lesbians,2016,marstseparated,3.4270186312003688,-1.1639370862467473,-4.590955717447116,0.2675597757166756,FALSE,FALSE
C_population_grounded,thermometer_gays_lesbians,2020,racethblack,-10.213603909271917,3.6637309742853326,13.87733488355725,1.730959952779734e-20,TRUE,TRUE
C_population_grounded,thermometer_gays_lesbians,2020,racethHispanic,-0.40374402389727465,1.133853880564365,1.5375979044616397,0.2463925953994272,FALSE,FALSE
C_population_grounded,thermometer_gays_lesbians,2020,age,-3.652351459135049,-2.58345383743389,1.0688976217011592,0.00863792655714888,TRUE,FALSE
C_population_grounded,thermometer_gays_lesbians,2020,gendermale,-6.8505309830128684,-1.9777299694051838,4.872801013607685,1.519257809122966e-12,TRUE,FALSE
C_population_grounded,thermometer_gays_lesbians,2020,ideo3Moderate,-7.923208031821894,-8.968937654950153,-1.0457296231282596,0.27786067013417787,FALSE,FALSE
C_population_grounded,thermometer_gays_lesbians,2020,ideo3Conservative,-16.767260481336848,-20.591583212958877,-3.824322731622028,0.0013656641803456418,TRUE,FALSE
C_population_grounded,thermometer_gays_lesbians,2020,pidIndependent,-5.336705990286613,-7.7692794306095445,-2.4325734403229315,0.007300573023702529,TRUE,FALSE
C_population_grounded,thermometer_gays_lesbians,2020,pidRepublican,-12.576355605037966,-17.50917281653864,-4.932817211500675,1.7726190807421192e-4,TRUE,FALSE
C_population_grounded,thermometer_gays_lesbians,2020,income,1.9603005457020177,0.9591870522266583,-1.0011134934753594,0.009911213153858877,TRUE,FALSE
C_population_grounded,thermometer_gays_lesbians,2020,educationSome college,2.9860849339219837,1.3458960358116139,-1.6401888981103698,0.12047838621617596,FALSE,FALSE
C_population_grounded,thermometer_gays_lesbians,2020,educationBA or more,5.012178702988227,3.4682540663819723,-1.543924636606255,0.10937555467304429,FALSE,FALSE
C_population_grounded,thermometer_gays_lesbians,2020,regisunregistered,-2.7359073727763428,-0.5151158937612781,2.2207914790150647,0.33653558773849346,FALSE,FALSE
C_population_grounded,thermometer_gays_lesbians,2020,interestsometimes,-6.9163624946732645,4.294795955024552,11.211158449697816,0.03089724111268944,TRUE,TRUE
C_population_grounded,thermometer_gays_lesbians,2020,interestfrequently,-2.8830105123607863,4.391042962679404,7.274053475040191,0.15926190685261954,FALSE,FALSE
C_population_grounded,thermometer_gays_lesbians,2020,interestregularly,-1.7296822640920755,4.249934115072843,5.979616379164919,0.24539158196372268,FALSE,FALSE
C_population_grounded,thermometer_gays_lesbians,2020,interestalways,-0.10533549836890044,4.003293510168237,4.108629008537137,0.4274619152477931,FALSE,FALSE
C_population_grounded,thermometer_gays_lesbians,2020,marstsingle,2.504475116831927,1.153993682696146,-1.350481434135781,0.1771564514176908,FALSE,FALSE
C_population_grounded,thermometer_gays_lesbians,2020,marstdivorced,1.0370463737366857,0.15299160404741707,-0.8840547696892687,0.4045824148036842,FALSE,FALSE
C_population_grounded,thermometer_gays_lesbians,2020,marstwidowed,2.7142697718936226,-0.8493154134605385,-3.563585185354161,0.01306149157100004,TRUE,TRUE
C_population_grounded,thermometer_gays_lesbians,2020,marstseparated,2.7153836750975984,-0.07335296877616315,-2.7887366438737615,0.3840022068755653,FALSE,FALSE
C_population_grounded,thermometer_asian_americans,2016,racethblack,2.1926581129927305,2.203958293136795,0.01130018014406442,0.9955977495865209,FALSE,FALSE
C_population_grounded,thermometer_asian_americans,2016,racethHispanic,1.658017290924671,0.5999443516384524,-1.0580729392862187,0.49861798746156005,FALSE,FALSE
C_population_grounded,thermometer_asian_americans,2016,age,0.17388584547445707,-0.8104114884539999,-0.984297333928457,0.043932648357001294,TRUE,TRUE
C_population_grounded,thermometer_asian_americans,2016,gendermale,-1.975504379390728,-1.2089072596134967,0.7665971197772314,0.36135024311870056,FALSE,FALSE
C_population_grounded,thermometer_asian_americans,2016,ideo3Moderate,-4.502049844679181,-3.1687004691634932,1.3333493755156882,0.25458269411367423,FALSE,FALSE
C_population_grounded,thermometer_asian_americans,2016,ideo3Conservative,-3.2943149437813197,-3.497550084959766,-0.2032351411784462,0.8736610760106986,FALSE,FALSE
C_population_grounded,thermometer_asian_americans,2016,pidIndependent,0.4050038071540423,-3.682275085484437,-4.087278892638479,3.943439223393733e-4,TRUE,TRUE
C_population_grounded,thermometer_asian_americans,2016,pidRepublican,-1.5226184302597785,-2.801835280479809,-1.2792168502200303,0.3617442096854885,FALSE,FALSE
C_population_grounded,thermometer_asian_americans,2016,income,1.490701510807935,0.42765818437627323,-1.0630433264316617,0.03284137794222132,TRUE,FALSE
C_population_grounded,thermometer_asian_americans,2016,educationSome college,1.8770818832930825,0.4581949093796893,-1.4188869739133931,0.2281362233130484,FALSE,FALSE
C_population_grounded,thermometer_asian_americans,2016,educationBA or more,3.796776176318799,1.4722549253772135,-2.3245212509415856,0.029257112976705475,TRUE,FALSE
C_population_grounded,thermometer_asian_americans,2016,regisunregistered,-4.554471214677187,-0.9614193247091882,3.5930518899679984,0.05193421712614908,FALSE,FALSE
C_population_grounded,thermometer_asian_americans,2016,interestsometimes,-1.5136053916066075,1.9090559853506266,3.422661376957234,0.40471929346914337,FALSE,FALSE
C_population_grounded,thermometer_asian_americans,2016,interestfrequently,0.26681584648407575,2.835463095172705,2.568647248688629,0.5276815316069143,FALSE,FALSE
C_population_grounded,thermometer_asian_americans,2016,interestregularly,2.851453415803587,3.255840656687495,0.4043872408839082,0.9206483565844721,FALSE,FALSE
C_population_grounded,thermometer_asian_americans,2016,interestalways,3.867194516184764,3.0762268548886276,-0.7909676612961363,0.8470780557532808,FALSE,FALSE
C_population_grounded,thermometer_asian_americans,2016,marstsingle,3.3855019433812372,-0.4424381346718129,-3.82794007805305,0.0024359385610867213,TRUE,TRUE
C_population_grounded,thermometer_asian_americans,2016,marstdivorced,0.3624004430293297,-1.0169739065352585,-1.3793743495645883,0.258841529145949,FALSE,FALSE
C_population_grounded,thermometer_asian_americans,2016,marstwidowed,2.253693629855127,-1.1596504272475134,-3.4133440571026403,0.0468570742391543,TRUE,TRUE
C_population_grounded,thermometer_asian_americans,2016,marstseparated,-6.344199351741423,-1.6992323372597582,4.644967014481665,0.26460605656470626,FALSE,FALSE
C_population_grounded,thermometer_asian_americans,2020,racethblack,-4.668239266710851,1.8043772212954456,6.472616488006297,8.656528095762825e-4,TRUE,TRUE
C_population_grounded,thermometer_asian_americans,2020,racethHispanic,3.5479598215739587,0.5663478667941071,-2.9816119547798516,0.06363259529200684,FALSE,FALSE
C_population_grounded,thermometer_asian_americans,2020,age,-0.5033429062442983,-1.0311667799153512,-0.527823873671053,0.2761807649821628,FALSE,FALSE
C_population_grounded,thermometer_asian_americans,2020,gendermale,-2.087126733840039,-1.5970943849255061,0.49003234891453284,0.5647033245159407,FALSE,FALSE
C_population_grounded,thermometer_asian_americans,2020,ideo3Moderate,-1.83918359344765,-4.031818987222614,-2.1926353937749647,0.07140305609540726,FALSE,FALSE
C_population_grounded,thermometer_asian_americans,2020,ideo3Conservative,-1.4619202518547705,-4.776397949892514,-3.3144776980377437,0.01821797753284331,TRUE,FALSE
C_population_grounded,thermometer_asian_americans,2020,pidIndependent,-3.396774273593445,-3.9455174869350804,-0.5487432133416352,0.6357141351745175,FALSE,FALSE
C_population_grounded,thermometer_asian_americans,2020,pidRepublican,-6.456731134708166,-3.377316399782062,3.079414734926104,0.03775445403197091,TRUE,FALSE
C_population_grounded,thermometer_asian_americans,2020,income,0.3695082783608288,0.565131452340947,0.1956231739801182,0.6783694410769584,FALSE,FALSE
C_population_grounded,thermometer_asian_americans,2020,educationSome college,4.105821735801087,0.2547441711151577,-3.8510775646859297,0.002104405691273887,TRUE,FALSE
C_population_grounded,thermometer_asian_americans,2020,educationBA or more,5.607801111935211,1.2490892694769213,-4.358711842458289,1.760433338381624e-4,TRUE,FALSE
C_population_grounded,thermometer_asian_americans,2020,regisunregistered,-1.2098798019308825,-1.7814428526594703,-0.5715630507285878,0.8601602204488583,FALSE,FALSE
C_population_grounded,thermometer_asian_americans,2020,interestsometimes,-4.811377253989888,0.05805689257579072,4.869434146565679,0.4677701235917502,FALSE,FALSE
C_population_grounded,thermometer_asian_americans,2020,interestfrequently,-3.7416188181377534,0.3267013554397846,4.068320173577538,0.5418603974336191,FALSE,FALSE
C_population_grounded,thermometer_asian_americans,2020,interestregularly,-3.039211149487441,0.9192915579175516,3.9585027074049925,0.5502274252191021,FALSE,FALSE
C_population_grounded,thermometer_asian_americans,2020,interestalways,0.5249344516830141,1.1696191783258976,0.6446847266428835,0.9227504861000502,FALSE,FALSE
C_population_grounded,thermometer_asian_americans,2020,marstsingle,-1.5067368390419107,0.2434264437645206,1.7501632828064313,0.19061439549388134,FALSE,FALSE
C_population_grounded,thermometer_asian_americans,2020,marstdivorced,-1.2184073024528508,-0.7564172092502583,0.46199009320259243,0.7208202075930349,FALSE,FALSE
C_population_grounded,thermometer_asian_americans,2020,marstwidowed,-0.22075297424773765,-1.3530519635409508,-1.1322989892932132,0.48207967611494784,FALSE,FALSE
C_population_grounded,thermometer_asian_americans,2020,marstseparated,-1.5168766146842216,-0.8865791567163086,0.630297457967913,0.8487721077852173,FALSE,FALSE
C_population_grounded,thermometer_black_americans,2016,racethblack,16.47595708935415,14.528629769635362,-1.9473273197187888,0.23365771584712855,FALSE,FALSE
C_population_grounded,thermometer_black_americans,2016,racethHispanic,2.2884339306158483,2.823108294724689,0.5346743641088407,0.7508476118530458,FALSE,FALSE
C_population_grounded,thermometer_black_americans,2016,age,-0.4022773018860578,-1.6428447071334387,-1.2405674052473807,0.014970160963415434,TRUE,FALSE
C_population_grounded,thermometer_black_americans,2016,gendermale,-3.919754146540865,-1.9810254421524507,1.9387287043884143,0.02363116215068967,TRUE,FALSE
C_population_grounded,thermometer_black_americans,2016,ideo3Moderate,-4.736770327767958,-4.887513869473347,-0.15074354170538973,0.8945578314545737,FALSE,FALSE
C_population_grounded,thermometer_black_americans,2016,ideo3Conservative,-3.840455698401753,-8.717775094628944,-4.8773193962271915,1.0578435281120651e-4,TRUE,FALSE
C_population_grounded,thermometer_black_americans,2016,pidIndependent,-2.2296873754766153,-6.659585264297017,-4.429897888820402,7.201200588842862e-5,TRUE,FALSE
C_population_grounded,thermometer_black_americans,2016,pidRepublican,-5.25176621042578,-9.718555303632057,-4.466789093206277,0.0012131203044065775,TRUE,FALSE
C_population_grounded,thermometer_black_americans,2016,income,0.7607871310625385,0.18308290697554397,-0.5777042240869945,0.25744934436864636,FALSE,FALSE
C_population_grounded,thermometer_black_americans,2016,educationSome college,1.1472602851621725,0.24491033938196116,-0.9023499457802113,0.4379063392006072,FALSE,FALSE
C_population_grounded,thermometer_black_americans,2016,educationBA or more,1.731044014799799,1.178593370185653,-0.552450644614146,0.6085086209074515,FALSE,FALSE
C_population_grounded,thermometer_black_americans,2016,regisunregistered,-5.014488944508163,-0.8297673102147245,4.184721634293439,0.024673249924101536,TRUE,FALSE
C_population_grounded,thermometer_black_americans,2016,interestsometimes,7.99938277590407,1.7515644112466608,-6.247818364657409,0.11485952650309546,FALSE,FALSE
C_population_grounded,thermometer_black_americans,2016,interestfrequently,8.632451925291452,2.3661213356607025,-6.2663305896307495,0.10908643907430042,FALSE,FALSE
C_population_grounded,thermometer_black_americans,2016,interestregularly,11.272068568748631,2.6490256451664145,-8.623042923582217,0.026403486447523678,TRUE,FALSE
C_population_grounded,thermometer_black_americans,2016,interestalways,12.601412474332104,2.4929048016440536,-10.10850767268805,0.010131584627409693,TRUE,FALSE
C_population_grounded,thermometer_black_americans,2016,marstsingle,1.7699790751975097,-0.31945494272172326,-2.089434017919233,0.1068055768005039,FALSE,FALSE
C_population_grounded,thermometer_black_americans,2016,marstdivorced,-0.547365246182741,-0.8819637670311362,-0.33459852084839525,0.788004590480808,FALSE,FALSE
C_population_grounded,thermometer_black_americans,2016,marstwidowed,-0.2582772953142287,-0.851917135261278,-0.5936398399470493,0.7468642750926093,FALSE,FALSE
C_population_grounded,thermometer_black_americans,2016,marstseparated,-10.654647604508426,-1.7212945762308607,8.9333530282775655,0.021476318717159056,TRUE,FALSE
C_population_grounded,thermometer_black_americans,2020,racethblack,12.226276202537766,14.241996227261792,2.015720024724025,0.06670708239549937,FALSE,FALSE
C_population_grounded,thermometer_black_americans,2020,racethHispanic,3.771817041781887,2.6914988834616147,-1.0803181583202721,0.33563491157355363,FALSE,FALSE
C_population_grounded,thermometer_black_americans,2020,age,-0.6623067598104166,-1.8747844352933416,-1.212477675482925,5.858302795999649e-4,TRUE,FALSE
C_population_grounded,thermometer_black_americans,2020,gendermale,-4.8939098433252735,-2.143418657217619,2.7504911861076544,3.1940737774828415e-6,TRUE,FALSE
C_population_grounded,thermometer_black_americans,2020,ideo3Moderate,-4.113625201215263,-5.193055599199427,-1.0794303979841646,0.19352177717234947,FALSE,FALSE
C_population_grounded,thermometer_black_americans,2020,ideo3Conservative,-4.124024064862773,-9.079038219825208,-4.955014154962434,1.8883794880148098e-7,TRUE,FALSE
C_population_grounded,thermometer_black_americans,2020,pidIndependent,-3.62596843183277,-6.586641727928368,-2.9606732960955986,1.420168553830453e-4,TRUE,FALSE
C_population_grounded,thermometer_black_americans,2020,pidRepublican,-5.501237314132939,-9.377257095906984,-3.876019781774044,1.489639705461531e-4,TRUE,FALSE
C_population_grounded,thermometer_black_americans,2020,income,0.1273453165509577,0.3457642491926054,0.2184189326416477,0.4966384951079089,FALSE,FALSE
C_population_grounded,thermometer_black_americans,2020,educationSome college,2.3141476860692554,0.6244900823269708,-1.6896576037422846,0.05084317611443327,FALSE,FALSE
C_population_grounded,thermometer_black_americans,2020,educationBA or more,3.3888338250662686,1.5121350275628278,-1.8766987975034408,0.018388396417305122,TRUE,FALSE
C_population_grounded,thermometer_black_americans,2020,regisunregistered,-2.54545096105974,-0.8501725411858192,1.6952784198739208,0.4106010811049182,FALSE,FALSE
C_population_grounded,thermometer_black_americans,2020,interestsometimes,-1.4204437824956122,2.81129113164274,4.231734914138352,0.3854530221079152,FALSE,FALSE
C_population_grounded,thermometer_black_americans,2020,interestfrequently,0.37655793561749284,3.013505458978354,2.636947523360861,0.5875928132927951,FALSE,FALSE
C_population_grounded,thermometer_black_americans,2020,interestregularly,0.7981452243446114,3.225117657828801,2.42697243348419,0.6156569299021843,FALSE,FALSE
C_population_grounded,thermometer_black_americans,2020,interestalways,2.6726790653786576,3.7044019556111083,1.0317228902324507,0.8316332475800314,FALSE,FALSE
C_population_grounded,thermometer_black_americans,2020,marstsingle,-0.5049808754135596,0.30880090681061523,0.8137817822241749,0.3620650114564663,FALSE,FALSE
C_population_grounded,thermometer_black_americans,2020,marstdivorced,-0.5033745238873699,-0.7013924134279712,-0.1980178895406013,0.8226615399897125,FALSE,FALSE
C_population_grounded,thermometer_black_americans,2020,marstwidowed,0.5722630257115644,-0.8231301787739365,-1.3953932044855009,0.22480084299882425,FALSE,FALSE
C_population_grounded,thermometer_black_americans,2020,marstseparated,-0.22864887198944928,-1.0370690178711044,-0.8084201458816551,0.7486915520436217,FALSE,FALSE
C_population_grounded,thermometer_white_americans,2016,racethblack,-5.045251896045086,-2.482690341312706,2.5625615547323797,0.2241550851549328,FALSE,FALSE
C_population_grounded,thermometer_white_americans,2016,racethHispanic,-3.518720488872935,-2.8049589091850016,0.7137615796879334,0.6604606178437988,FALSE,FALSE
C_population_grounded,thermometer_white_americans,2016,age,1.891055361052954,1.3575555546233837,-0.5334998064295702,0.27475825539152615,FALSE,FALSE
C_population_grounded,thermometer_white_americans,2016,gendermale,-3.8453785465539334,-0.26289570138804574,3.5824828451658877,1.5160140551605042e-5,TRUE,FALSE
C_population_grounded,thermometer_white_americans,2016,ideo3Moderate,0.8469246546269663,4.257684237889357,3.4107595832623914,0.005232309865546025,TRUE,FALSE
C_population_grounded,thermometer_white_americans,2016,ideo3Conservative,2.211569340464294,6.381520688013333,4.169951347549039,9.748003663362049e-4,TRUE,FALSE
C_population_grounded,thermometer_white_americans,2016,pidIndependent,-0.11392236753996378,0.6990370486597259,0.8129594161996897,0.47837997363090035,FALSE,FALSE
C_population_grounded,thermometer_white_americans,2016,pidRepublican,1.6414964765544597,6.0061164699689416,4.364619993414482,9.957309936337484e-4,TRUE,FALSE
C_population_grounded,thermometer_white_americans,2016,income,0.8345375277431955,-0.09783775526963856,-0.932375283012834,0.0572207072557522,FALSE,FALSE
C_population_grounded,thermometer_white_americans,2016,educationSome college,-0.4390396668889608,-0.47114096064062105,-0.032101293751660265,0.9782737741587222,FALSE,FALSE
C_population_grounded,thermometer_white_americans,2016,educationBA or more,-0.33828968606342846,-1.5292134722594648,-1.1909237861960364,0.26569404631784105,FALSE,FALSE
C_population_grounded,thermometer_white_americans,2016,regisunregistered,-1.05619547228943,0.3416997146320866,1.3978951869215166,0.4693982064302511,FALSE,FALSE
C_population_grounded,thermometer_white_americans,2016,interestsometimes,8.141891765084242,0.31717992104447834,-7.824711844039764,0.056343723370370365,FALSE,FALSE
C_population_grounded,thermometer_white_americans,2016,interestfrequently,6.295279726889134,0.909608321702156,-5.385671405186978,0.18761260557498066,FALSE,FALSE
C_population_grounded,thermometer_white_americans,2016,interestregularly,7.987729704516074,0.538171189331984,-7.44955851518409,0.06755558246613802,FALSE,FALSE
C_population_grounded,thermometer_white_americans,2016,interestalways,8.241858808617376,0.5069198955507641,-7.734938913066612,0.06046856613732235,FALSE,FALSE
C_population_grounded,thermometer_white_americans,2016,marstsingle,1.2965160743402127,-1.7479108538193469,-3.0444269281595595,0.015750151993714448,TRUE,TRUE
C_population_grounded,thermometer_white_americans,2016,marstdivorced,2.1103934579448036,-1.718745618728271,-3.8291390766730746,0.0014402915074644234,TRUE,TRUE
C_population_grounded,thermometer_white_americans,2016,marstwidowed,-1.1040274265999601,0.006477605527630992,1.110505032127591,0.5811381396280433,FALSE,FALSE
C_population_grounded,thermometer_white_americans,2016,marstseparated,-0.20312307596927326,-1.930232045509456,-1.7271089695401827,0.5980109043875403,FALSE,FALSE
C_population_grounded,thermometer_white_americans,2020,racethblack,-2.8072759575402646,-1.9837577613819293,0.8235181961583353,0.5643338684381922,FALSE,FALSE
C_population_grounded,thermometer_white_americans,2020,racethHispanic,0.8396728754253546,-1.7913223745924793,-2.630995250017834,0.028767454429799028,TRUE,TRUE
C_population_grounded,thermometer_white_americans,2020,age,3.1203699373197704,1.165001052332567,-1.9553688849872035,8.554705292538166e-8,TRUE,FALSE
C_population_grounded,thermometer_white_americans,2020,gendermale,-2.2005487434413347,-0.5160196847244456,1.684529058716889,0.005847269642339661,TRUE,FALSE
C_population_grounded,thermometer_white_americans,2020,ideo3Moderate,2.4491650038241337,4.575414764818097,2.126249760993964,0.017868899389012826,TRUE,FALSE
C_population_grounded,thermometer_white_americans,2020,ideo3Conservative,3.622808424552172,6.883249395982398,3.260440971430226,9.315688323774315e-4,TRUE,FALSE
C_population_grounded,thermometer_white_americans,2020,pidIndependent,-0.7698441217007291,0.5222381941114685,1.2920823158121977,0.13559642016976414,FALSE,FALSE
C_population_grounded,thermometer_white_americans,2020,pidRepublican,1.1501910728475058,5.9445645046976345,4.794373431850128,4.7205069136493295e-6,TRUE,FALSE
C_population_grounded,thermometer_white_americans,2020,income,0.3017806025783196,-0.066813720682668,-0.3685943232609876,0.2761855974947449,FALSE,FALSE
C_population_grounded,thermometer_white_americans,2020,educationSome college,2.15359400829106,-0.6686897743042612,-2.822283782595321,0.0012162518761730924,TRUE,TRUE
C_population_grounded,thermometer_white_americans,2020,educationBA or more,2.308100034709082,-1.3350552954613577,-3.6431553301704396,5.838393335291469e-6,TRUE,TRUE
C_population_grounded,thermometer_white_americans,2020,regisunregistered,-0.7129596374606437,-0.10748660145194444,0.6054730360086993,0.7713801830857835,FALSE,FALSE
C_population_grounded,thermometer_white_americans,2020,interestsometimes,-3.9043669782240835,1.2517644428303552,5.156131421054439,0.2532097832793526,FALSE,FALSE
C_population_grounded,thermometer_white_americans,2020,interestfrequently,-2.3098232355267996,1.3404202640201284,3.650243499546928,0.41686004602432136,FALSE,FALSE
C_population_grounded,thermometer_white_americans,2020,interestregularly,-4.2303274042583094,1.7827029294510002,6.01303033370931,0.17870569668028205,FALSE,FALSE
C_population_grounded,thermometer_white_americans,2020,interestalways,-3.757974797409886,1.751656925797119,5.509631723207005,0.22006440241200867,FALSE,FALSE
C_population_grounded,thermometer_white_americans,2020,marstsingle,-2.8352056975425204,-1.5865136566861078,1.2486920408564126,0.19632280365499985,FALSE,FALSE
C_population_grounded,thermometer_white_americans,2020,marstdivorced,-0.4943072427060682,-1.651453338292002,-1.1571460955859338,0.19710131790185004,FALSE,FALSE
C_population_grounded,thermometer_white_americans,2020,marstwidowed,0.2503210354701766,-0.6818555440617065,-0.932176579531883,0.44901617192410603,FALSE,FALSE
C_population_grounded,thermometer_white_americans,2020,marstseparated,-3.1609898105098893,-2.268736261013842,0.8922535494960471,0.6919542733728243,FALSE,FALSE
C_population_grounded,thermometer_democratic_party,2016,racethblack,10.046117721793546,5.3449275050659715,-4.701190216727575,0.015434587081219526,TRUE,FALSE
C_population_grounded,thermometer_democratic_party,2016,racethHispanic,9.410016701808019,2.260028210069323,-7.1499884917386956,6.608109794237172e-5,TRUE,FALSE
C_population_grounded,thermometer_democratic_party,2016,age,0.47270437487989636,-0.7572641770350231,-1.2299685519149195,0.018631404289532107,TRUE,TRUE
C_population_grounded,thermometer_democratic_party,2016,gendermale,-1.364141309977662,-1.1615565212481374,0.20258478872952468,0.8155839477773232,FALSE,FALSE
C_population_grounded,thermometer_democratic_party,2016,ideo3Moderate,-7.852728792777734,-11.119738224245076,-3.2670094314673417,0.01103993201418472,TRUE,FALSE
C_population_grounded,thermometer_democratic_party,2016,ideo3Conservative,-21.612795685554644,-22.479562085476992,-0.866766399922347,0.5565075801807602,FALSE,FALSE
C_population_grounded,thermometer_democratic_party,2016,pidIndependent,-23.608925778575024,-22.158852973318535,1.4500728052564904,0.2504303839904012,FALSE,FALSE
C_population_grounded,thermometer_democratic_party,2016,pidRepublican,-34.612711153588315,-37.915166876853796,-3.3024557232654805,0.039321203041680866,TRUE,FALSE
C_population_grounded,thermometer_democratic_party,2016,income,-0.3276693638067739,-0.019072528029045244,0.3085968357777287,0.5505762693401143,FALSE,FALSE
C_population_grounded,thermometer_democratic_party,2016,educationSome college,0.8530694755879379,-0.6316662874555764,-1.4847357630435143,0.22847965480756482,FALSE,FALSE
C_population_grounded,thermometer_democratic_party,2016,educationBA or more,1.5089299293841423,0.9844304559863293,-0.524499473397813,0.6550582658168139,FALSE,FALSE
C_population_grounded,thermometer_democratic_party,2016,regisunregistered,1.7128753802671257,-0.4450246716230839,-2.1579000518902096,0.3333878767615397,FALSE,FALSE
C_population_grounded,thermometer_democratic_party,2016,interestsometimes,8.496708819428726,0.1568491753335337,-8.339859644095192,0.12889998200830208,FALSE,FALSE
C_population_grounded,thermometer_democratic_party,2016,interestfrequently,6.044337236733188,0.6690852392194104,-5.375251997513778,0.32973861512006053,FALSE,FALSE
C_population_grounded,thermometer_democratic_party,2016,interestregularly,6.465202794432781,0.8137335935590491,-5.6514692008737315,0.3039736382691766,FALSE,FALSE
C_population_grounded,thermometer_democratic_party,2016,interestalways,4.684351941179919,0.11811920605447934,-4.56623273512544,0.41189469017593827,FALSE,FALSE
C_population_grounded,thermometer_democratic_party,2016,marstsingle,2.5225144364501575,0.35009132570501356,-2.172423110745144,0.09670485935663632,FALSE,FALSE
C_population_grounded,thermometer_democratic_party,2016,marstdivorced,0.20866995403004518,0.4432007987351363,0.2345308447050911,0.8595342777487225,FALSE,FALSE
C_population_grounded,thermometer_democratic_party,2016,marstwidowed,4.698664774873201,-0.13497340666689617,-4.833638181540097,0.012127918892707047,TRUE,TRUE
C_population_grounded,thermometer_democratic_party,2016,marstseparated,-2.9771117163548766,0.6479322608248239,3.6250439771797005,0.3831079497462385,FALSE,FALSE
C_population_grounded,thermometer_democratic_party,2020,racethblack,11.468865873602423,5.928469595434035,-5.540396278168388,1.1808333008370603e-6,TRUE,FALSE
C_population_grounded,thermometer_democratic_party,2020,racethHispanic,7.246205685158085,2.1812361530890083,-5.064969532069076,7.23770801552533e-6,TRUE,FALSE
C_population_grounded,thermometer_democratic_party,2020,age,1.9320706001263885,-0.5231411103752293,-2.455211710501618,1.5628714862953421e-12,TRUE,TRUE
C_population_grounded,thermometer_democratic_party,2020,gendermale,-1.718523941939622,-1.1825779435383739,0.5359459984012483,0.33398619240836047,FALSE,FALSE
C_population_grounded,thermometer_democratic_party,2020,ideo3Moderate,-6.265907603180407,-12.253322330325032,-5.987414727144625,7.811352219936376e-12,TRUE,FALSE
C_population_grounded,thermometer_democratic_party,2020,ideo3Conservative,-26.357566772254003,-25.47263371024718,0.8849330620068232,0.413870223513235,FALSE,FALSE
C_population_grounded,thermometer_democratic_party,2020,pidIndependent,-23.177046041517087,-21.57365619496295,1.6033898465541354,0.055781397234153894,FALSE,FALSE
C_population_grounded,thermometer_democratic_party,2020,pidRepublican,-37.12060976471939,-36.39568557325585,0.724924191463541,0.52175137399498,FALSE,FALSE
C_population_grounded,thermometer_democratic_party,2020,income,0.20375839230587767,0.03713604193270781,-0.16662235037316986,0.5917665068939426,FALSE,FALSE
C_population_grounded,thermometer_democratic_party,2020,educationSome college,-0.3596129701946698,-0.04421382918972133,0.3153991410049485,0.691994744456113,FALSE,FALSE
C_population_grounded,thermometer_democratic_party,2020,educationBA or more,0.7676198587051326,0.8394348310097877,0.07181497230465506,0.9230999245996355,FALSE,FALSE
C_population_grounded,thermometer_democratic_party,2020,regisunregistered,-0.2806199401896656,-0.135592015214772,0.14502792497489359,0.8731709556023584,FALSE,FALSE
C_population_grounded,thermometer_democratic_party,2020,interestsometimes,-5.357261208887564,1.3113435691899769,6.668604778077541,0.13303135086051987,FALSE,FALSE
C_population_grounded,thermometer_democratic_party,2020,interestfrequently,-6.7735266029253065,1.0766510905303628,7.850177693455669,0.07589453462267452,FALSE,FALSE
C_population_grounded,thermometer_democratic_party,2020,interestregularly,-6.718737731945126,1.0835098340240572,7.802247565969183,0.07609113562097618,FALSE,FALSE
C_population_grounded,thermometer_democratic_party,2020,interestalways,-7.416086814356159,0.8935817357211917,8.309668550077351,0.05986166022034737,FALSE,FALSE
C_population_grounded,thermometer_democratic_party,2020,marstsingle,0.7429941174242685,0.976459854780543,0.23346573735627452,0.7838116503622994,FALSE,FALSE
C_population_grounded,thermometer_democratic_party,2020,marstdivorced,1.4687220846208437,0.6723655338219054,-0.7963565507989383,0.3635106590018291,FALSE,FALSE
C_population_grounded,thermometer_democratic_party,2020,marstwidowed,3.64506930071376,0.7634692238217591,-2.881600076892001,0.010958731757134233,TRUE,FALSE
C_population_grounded,thermometer_democratic_party,2020,marstseparated,4.216198051771066,-0.11112215980651996,-4.327320211577586,0.07020333663865612,FALSE,FALSE
C_population_grounded,thermometer_republican_party,2016,racethblack,-8.105103011086406,-6.932073079899695,1.1730299311867118,0.5172998797897079,FALSE,FALSE
C_population_grounded,thermometer_republican_party,2016,racethHispanic,-0.7145923781812248,-2.859909650226135,-2.1453172720449105,0.22956110612571345,FALSE,FALSE
C_population_grounded,thermometer_republican_party,2016,age,-0.06603569982318494,1.2238308826803936,1.2898665825035787,0.01687952482641813,TRUE,TRUE
C_population_grounded,thermometer_republican_party,2016,gendermale,-2.66271224991446,1.239159107645949,3.901871357560409,1.3136215661502095e-5,TRUE,TRUE
C_population_grounded,thermometer_republican_party,2016,ideo3Moderate,10.866781491136475,10.989362932981724,0.122581441845248,0.9227357617133812,FALSE,FALSE
C_population_grounded,thermometer_republican_party,2016,ideo3Conservative,17.227358419323057,21.748832805114404,4.521474385791347,0.0016788883258794021,TRUE,FALSE
C_population_grounded,thermometer_republican_party,2016,pidIndependent,9.993550922125467,14.214133907309034,4.220582985183568,5.390790480781784e-4,TRUE,FALSE
C_population_grounded,thermometer_republican_party,2016,pidRepublican,29.875088652982043,38.53282831190963,8.65773965892759,3.608800644110092e-8,TRUE,FALSE
C_population_grounded,thermometer_republican_party,2016,income,-1.1951271774527428,0.18875614685752828,1.383883324310271,0.015028727930842681,TRUE,TRUE
C_population_grounded,thermometer_republican_party,2016,educationSome college,0.3807682583505933,0.19072645133935046,-0.19004180701124285,0.8815504841230831,FALSE,FALSE
C_population_grounded,thermometer_republican_party,2016,educationBA or more,-3.1306442770318235,-1.2570023097010745,1.873641967330749,0.11857319721111896,FALSE,FALSE
C_population_grounded,thermometer_republican_party,2016,regisunregistered,1.7811362342822883,0.1712512594217639,-1.6098849748605244,0.4032650688490276,FALSE,FALSE
C_population_grounded,thermometer_republican_party,2016,interestsometimes,9.33938136600624,-0.06895342747283806,-9.408334793479078,0.11163151705204824,FALSE,FALSE
C_population_grounded,thermometer_republican_party,2016,interestfrequently,9.734804680113365,0.29343370923750633,-9.441370970875859,0.11094239470983401,FALSE,FALSE
C_population_grounded,thermometer_republican_party,2016,interestregularly,8.241661097604764,-0.04215709026564518,-8.28381818787041,0.15925521558110098,FALSE,FALSE
C_population_grounded,thermometer_republican_party,2016,interestalways,4.322621805817398,0.6435376645359607,-3.6790841412814377,0.5345470432604909,FALSE,FALSE
C_population_grounded,thermometer_republican_party,2016,marstsingle,-1.107397392456186,-1.4680688149924372,-0.3606714225362513,0.7865930074759778,FALSE,FALSE
C_population_grounded,thermometer_republican_party,2016,marstdivorced,-1.3064072405173408,-1.565925302774081,-0.2595180622567401,0.8496008316927,FALSE,FALSE
C_population_grounded,thermometer_republican_party,2016,marstwidowed,2.560826512919718,-0.312190127403829,-2.873016640323547,0.14197770056366907,FALSE,FALSE
C_population_grounded,thermometer_republican_party,2016,marstseparated,-3.1377599724729137,-1.4146063891244225,1.7231535833484912,0.7163616716970185,FALSE,FALSE
C_population_grounded,thermometer_republican_party,2020,racethblack,-2.955262835800019,-7.6097710405921966,-4.654508204792178,9.82882877784079e-5,TRUE,FALSE
C_population_grounded,thermometer_republican_party,2020,racethHispanic,-1.1725554561610343,-2.1163766406534936,-0.9438211844924596,0.39196398986608805,FALSE,FALSE
C_population_grounded,thermometer_republican_party,2020,age,-0.18688307150674904,1.0401420271825035,1.2270250986892526,4.4288183077152075e-4,TRUE,TRUE
C_population_grounded,thermometer_republican_party,2020,gendermale,-2.5981770928971244,1.0489988746538006,3.647175967550925,1.6197489356491554e-10,TRUE,TRUE
C_population_grounded,thermometer_republican_party,2020,ideo3Moderate,10.108016259889004,11.24940504404174,1.1413887841527366,0.2013012368167813,FALSE,FALSE
C_population_grounded,thermometer_republican_party,2020,ideo3Conservative,25.99783198805869,24.40537184688394,-1.592460141174749,0.14825435040105217,FALSE,FALSE
C_population_grounded,thermometer_republican_party,2020,pidIndependent,12.694692509094544,13.360306686359815,0.665614177265271,0.41870870708288377,FALSE,FALSE
C_population_grounded,thermometer_republican_party,2020,pidRepublican,37.36373127542047,37.291370792030484,-0.07236048338998562,0.9506275642987932,FALSE,FALSE
C_population_grounded,thermometer_republican_party,2020,income,-0.8363651433460837,0.1421771865281951,0.9785423298742788,0.0019132074478284966,TRUE,TRUE
C_population_grounded,thermometer_republican_party,2020,educationSome college,-1.7844361766200594,-0.33363816670262403,1.4507980099174353,0.08258843992801736,FALSE,FALSE
C_population_grounded,thermometer_republican_party,2020,educationBA or more,-5.859009635614929,-1.057739742666583,4.801269892948346,2.576140829039844e-10,TRUE,FALSE
C_population_grounded,thermometer_republican_party,2020,regisunregistered,1.9585978542220923,-0.38571087036156904,-2.3443087245836614,0.013527225958550873,TRUE,TRUE
C_population_grounded,thermometer_republican_party,2020,interestsometimes,0.1425999827189517,-0.20865093924404787,-0.35125092196299956,0.9486830106410378,FALSE,FALSE
C_population_grounded,thermometer_republican_party,2020,interestfrequently,0.551293712213905,0.9089775353175975,0.3576838231036925,0.9474990057844827,FALSE,FALSE
C_population_grounded,thermometer_republican_party,2020,interestregularly,-1.379764056257188,0.8274102604125586,2.2071743166697466,0.6835911935417258,FALSE,FALSE
C_population_grounded,thermometer_republican_party,2020,interestalways,-4.166400275047376,0.6185229028553234,4.7849231779027,0.3785397823903569,FALSE,FALSE
C_population_grounded,thermometer_republican_party,2020,marstsingle,-2.6036964725977536,-1.9986219414865318,0.6050745311112218,0.4707235784151337,FALSE,FALSE
C_population_grounded,thermometer_republican_party,2020,marstdivorced,-1.6151402910637371,-2.1630291777529385,-0.5478888866892015,0.5592742569736976,FALSE,FALSE
C_population_grounded,thermometer_republican_party,2020,marstwidowed,-0.5679447887695235,-0.9962140483993165,-0.428269259629793,0.7171823452639489,FALSE,FALSE
C_population_grounded,thermometer_republican_party,2020,marstseparated,-2.349288468956601,-2.0737057988520036,0.2755826701045976,0.9205805751037677,FALSE,FALSE
C_population_grounded,thermometer_christians,2016,racethblack,1.876890107635043,1.4596954390407562,-0.4171946685942869,0.8680974737713355,FALSE,FALSE
C_population_grounded,thermometer_christians,2016,racethHispanic,0.39354510751353317,1.1162616920997868,0.7227165845862535,0.6916237871298934,FALSE,FALSE
C_population_grounded,thermometer_christians,2016,age,2.610705858329156,1.8375994145270822,-0.7731064438020738,0.17835992902786854,FALSE,FALSE
C_population_grounded,thermometer_christians,2016,gendermale,-3.78907153005359,-0.6985386501162072,3.090532879937383,0.002776209861127417,TRUE,FALSE
C_population_grounded,thermometer_christians,2016,ideo3Moderate,5.847962941083083,5.745922233381589,-0.10204070770149404,0.9445639857285173,FALSE,FALSE
C_population_grounded,thermometer_christians,2016,ideo3Conservative,10.609438962049603,11.400918916732707,0.7914799546831033,0.597076493691343,FALSE,FALSE
C_population_grounded,thermometer_christians,2016,pidIndependent,0.9324518001547123,2.027187759736943,1.0947359595822308,0.42121723788551846,FALSE,FALSE
C_population_grounded,thermometer_christians,2016,pidRepublican,5.348906989886316,11.32436257749207,5.975455587605755,1.9125280473114326e-4,TRUE,FALSE
C_population_grounded,thermometer_christians,2016,income,1.0439148581681763,-0.34572287939860824,-1.3896377375667845,0.04029072836689532,TRUE,TRUE
C_population_grounded,thermometer_christians,2016,educationSome college,0.08662954362824998,-0.4360891358645808,-0.5227186794928308,0.7203921316930382,FALSE,FALSE
C_population_grounded,thermometer_christians,2016,educationBA or more,-0.6038446242385321,-1.5467583371440936,-0.9429137129055616,0.5113769673519644,FALSE,FALSE
C_population_grounded,thermometer_christians,2016,regisunregistered,-3.512482084959575,-0.29402324965848203,3.218458835301093,0.16184026057398235,FALSE,FALSE
C_population_grounded,thermometer_christians,2016,interestsometimes,-3.7728334768382945,1.8050249431313752,5.57785841996967,0.11242030011718579,FALSE,FALSE
C_population_grounded,thermometer_christians,2016,interestfrequently,-3.405007900469283,1.9575379757802165,5.3625458762494995,0.12821987134423468,FALSE,FALSE
C_population_grounded,thermometer_christians,2016,interestregularly,-4.968441618755075,1.9682620182910888,6.936703637046164,0.04601625802698043,TRUE,TRUE
C_population_grounded,thermometer_christians,2016,interestalways,-5.0972637920791986,2.01304306123075,7.1103068533099485,0.04814355407386185,TRUE,TRUE
C_population_grounded,thermometer_christians,2016,marstsingle,0.2557459422243693,-2.471866583081949,-2.727612525306318,0.055538426254238736,FALSE,FALSE
C_population_grounded,thermometer_christians,2016,marstdivorced,-0.6449846496524234,-1.7785807415685548,-1.1335960919161314,0.46370091172156946,FALSE,FALSE
C_population_grounded,thermometer_christians,2016,marstwidowed,-1.477715046350605,1.3984909973457844,2.8762060436963894,0.1948013186175791,FALSE,FALSE
C_population_grounded,thermometer_christians,2016,marstseparated,1.912388394068401,-2.0237425545390266,-3.9361309486074276,0.20006561904952602,FALSE,FALSE
C_population_grounded,thermometer_christians,2020,racethblack,11.048249592044012,0.3759075591843377,-10.672342032859675,6.939545526244515e-14,TRUE,FALSE
C_population_grounded,thermometer_christians,2020,racethHispanic,1.8809165160986923,1.013557053578129,-0.8673594625205633,0.47804141635618413,FALSE,FALSE
C_population_grounded,thermometer_christians,2020,age,3.9485727982334966,1.7627754738184747,-2.185797324415022,5.908664778577462e-8,TRUE,FALSE
C_population_grounded,thermometer_christians,2020,gendermale,-3.877674959767268,-0.677814387956901,3.199860571810367,1.4219954617645428e-6,TRUE,FALSE
C_population_grounded,thermometer_christians,2020,ideo3Moderate,9.827327721202199,5.229046786614763,-4.598280934587436,6.76464910504355e-6,TRUE,FALSE
C_population_grounded,thermometer_christians,2020,ideo3Conservative,17.98792583114136,11.50118649194976,-6.486739339191601,3.0611578278129848e-9,TRUE,FALSE
C_population_grounded,thermometer_christians,2020,pidIndependent,-1.6487797730910574,1.5066331580789976,3.155412931170055,0.0014735056025701697,TRUE,TRUE
C_population_grounded,thermometer_christians,2020,pidRepublican,6.738668571026509,10.238771049741871,3.5001024787153607,0.0026749994665156204,TRUE,FALSE
C_population_grounded,thermometer_christians,2020,income,-0.11791355724380637,-0.23175090963522837,-0.11383735239142201,0.7573054785863906,FALSE,FALSE
C_population_grounded,thermometer_christians,2020,educationSome college,-0.10324126892112889,-0.8178916694367162,-0.7146504005155874,0.44398136615290196,FALSE,FALSE
C_population_grounded,thermometer_christians,2020,educationBA or more,-0.5016105139309942,-1.462988412912154,-0.9613778989811597,0.25511322234963224,FALSE,FALSE
C_population_grounded,thermometer_christians,2020,regisunregistered,-1.0076687944058524,-0.5549370467832679,0.4527317476225845,0.8418172791047529,FALSE,FALSE
C_population_grounded,thermometer_christians,2020,interestsometimes,-3.728233503840987,0.8529741252886023,4.581207629129589,0.3235273916983561,FALSE,FALSE
C_population_grounded,thermometer_christians,2020,interestfrequently,-5.057747838387431,1.2708022729417676,6.328550111329198,0.17137229353463393,FALSE,FALSE
C_population_grounded,thermometer_christians,2020,interestregularly,-4.842095115661088,1.526276165558535,6.368371281219623,0.16482520677846238,FALSE,FALSE
C_population_grounded,thermometer_christians,2020,interestalways,-6.320434897593007,1.6353832607097933,7.9558181583028,0.08406562301531324,FALSE,FALSE
C_population_grounded,thermometer_christians,2020,marstsingle,-3.3368677830946223,-1.961661454913345,1.3752063281812772,0.1951121173913489,FALSE,FALSE
C_population_grounded,thermometer_christians,2020,marstdivorced,-1.7387776631778173,-2.033988423773839,-0.2952107605960217,0.7696521606766604,FALSE,FALSE
C_population_grounded,thermometer_christians,2020,marstwidowed,-0.3124638125767425,-0.2135964678825233,0.0988673446942192,0.9385601909897066,FALSE,FALSE
C_population_grounded,thermometer_christians,2020,marstseparated,-2.204291708924444,-2.2721231026944224,-0.06783139376997838,0.9786503990361037,FALSE,FALSE
D_evidence_grounded,thermometer_jews,2016,racethblack,0.006954047167472943,0.6066010094075871,0.5996469622401142,0.7427433657953427,FALSE,FALSE
D_evidence_grounded,thermometer_jews,2016,racethHispanic,-0.363556282923743,-1.1421961891632084,-0.7786399062394653,0.6204311374892787,FALSE,FALSE
D_evidence_grounded,thermometer_jews,2016,age,0.9083705414011035,0.14026996832255312,-0.7681005730785504,0.11971191301377536,FALSE,FALSE
D_evidence_grounded,thermometer_jews,2016,gendermale,-5.772546924226817,-1.3797937188011575,4.3927532054256595,2.7988934414652135e-7,TRUE,FALSE
D_evidence_grounded,thermometer_jews,2016,ideo3Moderate,-7.2109736870619585,-2.4000182257971066,4.810955461264852,4.985281774627863e-5,TRUE,FALSE
D_evidence_grounded,thermometer_jews,2016,ideo3Conservative,-3.351602150145788,-2.6589589244098075,0.6926432257359806,0.5802414340744235,FALSE,FALSE
D_evidence_grounded,thermometer_jews,2016,pidIndependent,-1.0474326604565147,-3.299284704963764,-2.2518520445072494,0.04304641935333251,TRUE,FALSE
D_evidence_grounded,thermometer_jews,2016,pidRepublican,-0.7672458260141047,-0.025309560336103876,0.7419362656780009,0.5978284209362359,FALSE,FALSE
D_evidence_grounded,thermometer_jews,2016,income,-7.809224974595352e-4,0.24282433035426632,0.24360525285172585,0.6415071191306939,FALSE,FALSE
D_evidence_grounded,thermometer_jews,2016,educationSome college,0.7286740458814176,0.4578948307985192,-0.2707792150828984,0.8181054978865756,FALSE,FALSE
D_evidence_grounded,thermometer_jews,2016,educationBA or more,2.1020960354782416,1.408415488460342,-0.6936805470178997,0.5362298448250213,FALSE,FALSE
D_evidence_grounded,thermometer_jews,2016,regisunregistered,-8.53561323751422,-1.5166815303137078,7.018931707200512,9.791597497754424e-5,TRUE,FALSE
D_evidence_grounded,thermometer_jews,2016,interestsometimes,2.542326433368419,2.5414401303661736,-8.863030022454588e-4,0.9998264558486407,FALSE,FALSE
D_evidence_grounded,thermometer_jews,2016,interestfrequently,5.2991802065798534,3.6750989403530063,-1.6240812662268471,0.6895929626311621,FALSE,FALSE
D_evidence_grounded,thermometer_jews,2016,interestregularly,6.589834319832223,3.762939003803311,-2.826895316028912,0.4847739995980065,FALSE,FALSE
D_evidence_grounded,thermometer_jews,2016,interestalways,9.247751088872693,3.598168064414023,-5.6495830244586704,0.16891773824559214,FALSE,FALSE
D_evidence_grounded,thermometer_jews,2016,marstsingle,-0.21281540041450642,-0.3118636567298787,-0.09904825631537229,0.9382757457082779,FALSE,FALSE
D_evidence_grounded,thermometer_jews,2016,marstdivorced,-1.2912976580356847,-0.9782000594353315,0.31309759860035324,0.8045345477213071,FALSE,FALSE
D_evidence_grounded,thermometer_jews,2016,marstwidowed,-1.3275404279811327,-0.5883772503746036,0.739163177606529,0.6780630882877375,FALSE,FALSE
D_evidence_grounded,thermometer_jews,2016,marstseparated,0.3686926461754325,-1.0410922096593396,-1.409784855834772,0.6702987006833685,FALSE,FALSE
D_evidence_grounded,thermometer_jews,2020,racethblack,-6.713651720754467,0.7907085894207233,7.504360310175191,3.194010693570091e-8,TRUE,TRUE
D_evidence_grounded,thermometer_jews,2020,racethHispanic,0.6053486546514342,-0.5499305911568975,-1.1552792458083316,0.31660644143736594,FALSE,FALSE
D_evidence_grounded,thermometer_jews,2020,age,1.1648590818012865,-0.08412469850546023,-1.2489837803067467,5.497572272460755e-4,TRUE,TRUE
D_evidence_grounded,thermometer_jews,2020,gendermale,-3.6800680641685264,-1.4572123735860663,2.22285569058246,3.300753987249149e-4,TRUE,FALSE
D_evidence_grounded,thermometer_jews,2020,ideo3Moderate,-2.835796048722794,-2.310053044404734,0.5257430043180598,0.5624166962574235,FALSE,FALSE
D_evidence_grounded,thermometer_jews,2020,ideo3Conservative,-0.4923111892788561,-2.3819619208528273,-1.889650731573971,0.06299837035526011,FALSE,FALSE
D_evidence_grounded,thermometer_jews,2020,pidIndependent,-4.003070136186635,-3.588735357765341,0.4143347784212942,0.6246897976448762,FALSE,FALSE
D_evidence_grounded,thermometer_jews,2020,pidRepublican,-3.0790404147763764,-0.6850815187028201,2.3939588960735563,0.02693000112828842,TRUE,FALSE
D_evidence_grounded,thermometer_jews,2020,income,0.4270627399500866,0.2669337379870911,-0.1601290019629955,0.6326414880227829,FALSE,FALSE
D_evidence_grounded,thermometer_jews,2020,educationSome college,3.165635895903217,0.6366876842162017,-2.5289482116870152,0.006271034841852049,TRUE,FALSE
D_evidence_grounded,thermometer_jews,2020,educationBA or more,4.500118661686411,1.677790105684105,-2.822328556002306,7.823487579636113e-4,TRUE,FALSE
D_evidence_grounded,thermometer_jews,2020,regisunregistered,-3.7655198862726085,-1.5934026192600887,2.1721172670125197,0.29952450083327387,FALSE,FALSE
D_evidence_grounded,thermometer_jews,2020,interestsometimes,-6.925684905365032,0.7528684772243031,7.678553382589335,0.10507316188409764,FALSE,FALSE
D_evidence_grounded,thermometer_jews,2020,interestfrequently,-2.9168331361808257,1.7631786701912282,4.680011806372054,0.3204109970751878,FALSE,FALSE
D_evidence_grounded,thermometer_jews,2020,interestregularly,-1.6086104686894975,1.8241079591657514,3.432718427855249,0.462959615440354,FALSE,FALSE
D_evidence_grounded,thermometer_jews,2020,interestalways,0.8714128806246054,2.014890145105089,1.1434772644804836,0.8074696022334554,FALSE,FALSE
D_evidence_grounded,thermometer_jews,2020,marstsingle,-1.3991493074685186,-0.053402193078856186,1.3457471143896624,0.15298643774762538,FALSE,FALSE
D_evidence_grounded,thermometer_jews,2020,marstdivorced,-1.260260003541986,-0.7058232678684346,0.5544367356735513,0.5559050010282477,FALSE,FALSE
D_evidence_grounded,thermometer_jews,2020,marstwidowed,0.059229338940625986,-0.4276619330346332,-0.48689127197525917,0.6838587891855649,FALSE,FALSE
D_evidence_grounded,thermometer_jews,2020,marstseparated,-1.4221995447132088,-0.3750003567614044,1.0471991879518043,0.686861431147699,FALSE,FALSE
D_evidence_grounded,thermometer_muslims,2016,racethblack,4.830627927928194,5.839201254682553,1.0085733267543593,0.579878313492572,FALSE,FALSE
D_evidence_grounded,thermometer_muslims,2016,racethHispanic,0.3402378047121667,2.9150786196289684,2.5748408149168016,0.13193906877409717,FALSE,FALSE
D_evidence_grounded,thermometer_muslims,2016,age,-0.6499163760658615,-2.496291761073259,-1.8463753850073972,6.772835192284067e-4,TRUE,FALSE
D_evidence_grounded,thermometer_muslims,2016,gendermale,-3.240639375792663,-1.973484071660124,1.267155304132539,0.18239018971982304,FALSE,FALSE
D_evidence_grounded,thermometer_muslims,2016,ideo3Moderate,-7.542755143810676,-7.202822954040208,0.3399321897704679,0.7795488720601709,FALSE,FALSE
D_evidence_grounded,thermometer_muslims,2016,ideo3Conservative,-12.570668769012059,-13.145033738866465,-0.5743649698544055,0.6852661210949302,FALSE,FALSE
D_evidence_grounded,thermometer_muslims,2016,pidIndependent,-1.4018963712506822,-5.440050746241474,-4.038154374990792,5.934531784967296e-4,TRUE,FALSE
D_evidence_grounded,thermometer_muslims,2016,pidRepublican,-9.668370460418528,-12.673266804540074,-3.004896344121546,0.048018482406086575,TRUE,FALSE
D_evidence_grounded,thermometer_muslims,2016,income,0.8147469792023369,0.6905714793980634,-0.12417549980427345,0.8317335634295316,FALSE,FALSE
D_evidence_grounded,thermometer_muslims,2016,educationSome college,1.7798956827580945,1.3262045566700493,-0.45369112608804507,0.7217903479287511,FALSE,FALSE
D_evidence_grounded,thermometer_muslims,2016,educationBA or more,6.093233067631228,3.596976917704917,-2.496256149926311,0.04165408385775313,TRUE,FALSE
D_evidence_grounded,thermometer_muslims,2016,regisunregistered,-5.464752459341747,-0.9064745529243572,4.5582779064173895,0.016749428255777663,TRUE,FALSE
D_evidence_grounded,thermometer_muslims,2016,interestsometimes,-2.848071531699862,1.9758205685940737,4.823892100293936,0.30114353362303353,FALSE,FALSE
D_evidence_grounded,thermometer_muslims,2016,interestfrequently,-0.20446864857021585,2.6026725544531555,2.8071412030233716,0.5448846394308647,FALSE,FALSE
D_evidence_grounded,thermometer_muslims,2016,interestregularly,1.4205366628644118,2.743414269022031,1.3228776061576193,0.774382699894747,FALSE,FALSE
D_evidence_grounded,thermometer_muslims,2016,interestalways,1.1732294615171812,2.4461202925090832,1.2728908309919018,0.7855242480754627,FALSE,FALSE
D_evidence_grounded,thermometer_muslims,2016,marstsingle,0.7626400961475399,0.9475586413330825,0.18491854518554263,0.8938324994337348,FALSE,FALSE
D_evidence_grounded,thermometer_muslims,2016,marstdivorced,-3.192082757173857,0.09321912068889038,3.2853018778627474,0.02410220199675308,TRUE,TRUE
D_evidence_grounded,thermometer_muslims,2016,marstwidowed,-0.2108561287932713,-1.392089255569327,-1.1812331267760556,0.5471929251082199,FALSE,FALSE
D_evidence_grounded,thermometer_muslims,2016,marstseparated,-4.387657280633732,-0.8540855792326028,3.5335717014011294,0.4658462408877897,FALSE,FALSE
D_evidence_grounded,thermometer_muslims,2020,racethblack,2.438136825935458,5.540404148071272,3.1022673221358144,0.01882251894114002,TRUE,FALSE
D_evidence_grounded,thermometer_muslims,2020,racethHispanic,3.160163516553474,2.635058316466631,-0.5251052000868431,0.6768871618368362,FALSE,FALSE
D_evidence_grounded,thermometer_muslims,2020,age,-2.729449811309085,-2.3080355374360257,0.4214142738730595,0.288171851030548,FALSE,FALSE
D_evidence_grounded,thermometer_muslims,2020,gendermale,-4.295891590732545,-1.9563017664481315,2.3395898242844133,3.612378125973346e-4,TRUE,FALSE
D_evidence_grounded,thermometer_muslims,2020,ideo3Moderate,-5.012340124702899,-7.36076013490092,-2.3484200101980215,0.010346728356335187,TRUE,FALSE
D_evidence_grounded,thermometer_muslims,2020,ideo3Conservative,-12.337102382240538,-13.460694851153956,-1.1235924689134185,0.2958648567305047,FALSE,FALSE
D_evidence_grounded,thermometer_muslims,2020,pidIndependent,-5.067592402453076,-5.742042157090814,-0.6744497546377385,0.44393373928425006,FALSE,FALSE
D_evidence_grounded,thermometer_muslims,2020,pidRepublican,-12.05567442445976,-11.517578966001453,0.538095458458306,0.6429533350126657,FALSE,FALSE
D_evidence_grounded,thermometer_muslims,2020,income,0.6722312757057206,0.4198113240103961,-0.2524199516953245,0.5033015562718126,FALSE,FALSE
D_evidence_grounded,thermometer_muslims,2020,educationSome college,2.5666895601705324,1.516580230551226,-1.0501093296193065,0.27706986628438357,FALSE,FALSE
D_evidence_grounded,thermometer_muslims,2020,educationBA or more,5.189712360653622,3.72043432815671,-1.4692780324969117,0.10278753257315106,FALSE,FALSE
D_evidence_grounded,thermometer_muslims,2020,regisunregistered,-2.2764547425606185,-0.7202035231983768,1.5562512193622418,0.4694071640030495,FALSE,FALSE
D_evidence_grounded,thermometer_muslims,2020,interestsometimes,-10.276084529467123,2.673167501688198,12.949252031155321,0.017473723696239108,TRUE,TRUE
D_evidence_grounded,thermometer_muslims,2020,interestfrequently,-7.23552063965005,3.499663466726333,10.735184106376384,0.04788930922737344,TRUE,TRUE
D_evidence_grounded,thermometer_muslims,2020,interestregularly,-6.973100625925083,3.2326807773854576,10.20578140331054,0.059392859765157575,FALSE,FALSE
D_evidence_grounded,thermometer_muslims,2020,interestalways,-5.547927171566223,3.3067961064695792,8.854723278035802,0.10394379669187558,FALSE,FALSE
D_evidence_grounded,thermometer_muslims,2020,marstsingle,-0.6617356172941462,0.9902431309928983,1.6519787482870445,0.094560380368936,FALSE,FALSE
D_evidence_grounded,thermometer_muslims,2020,marstdivorced,-1.5974295899538453,-0.15164290585563878,1.4457866840982065,0.15052694430094668,FALSE,FALSE
D_evidence_grounded,thermometer_muslims,2020,marstwidowed,1.3240485667918072,-0.6150826961930522,-1.9391312629848594,0.13004239990125838,FALSE,FALSE
D_evidence_grounded,thermometer_muslims,2020,marstseparated,0.3561814720472043,0.07173864263136664,-0.28444282941583765,0.9135976368851327,FALSE,FALSE
D_evidence_grounded,thermometer_liberals,2016,racethblack,2.7630060045525235,3.715792178516304,0.9527861739637804,0.6034047855069317,FALSE,FALSE
D_evidence_grounded,thermometer_liberals,2016,racethHispanic,3.6171577197244797,1.9009322961831128,-1.716225423541367,0.25507235286868774,FALSE,FALSE
D_evidence_grounded,thermometer_liberals,2016,age,0.17553764866868016,-1.6439879272872286,-1.8195255759559088,1.4671813553898198e-4,TRUE,TRUE
D_evidence_grounded,thermometer_liberals,2016,gendermale,-3.830948740820485,-1.5481133340842148,2.2828354067362704,0.00558034815917542,TRUE,FALSE
D_evidence_grounded,thermometer_liberals,2016,ideo3Moderate,-16.309415918674368,-14.71840814557027,1.591007773104097,0.15175901038873327,FALSE,FALSE
D_evidence_grounded,thermometer_liberals,2016,ideo3Conservative,-35.72410000125177,-27.55374384568186,8.170356155569909,2.452819970604471e-10,TRUE,FALSE
D_evidence_grounded,thermometer_liberals,2016,pidIndependent,-7.582892930275489,-15.903793818884452,-8.320900888608962,8.229621957712432e-14,TRUE,FALSE
D_evidence_grounded,thermometer_liberals,2016,pidRepublican,-14.215239301592586,-32.054929647897225,-17.839690346304636,1.416614387444658e-34,TRUE,FALSE
D_evidence_grounded,thermometer_liberals,2016,income,0.12482066241247503,-0.009323228031508535,-0.13414389044398356,0.7903440497888549,FALSE,FALSE
D_evidence_grounded,thermometer_liberals,2016,educationSome college,0.450483079012326,0.5797162467083758,0.12923316769604987,0.9128480048028197,FALSE,FALSE
D_evidence_grounded,thermometer_liberals,2016,educationBA or more,2.7493080111967565,2.081130645753975,-0.6681773654427815,0.5485882284818135,FALSE,FALSE
D_evidence_grounded,thermometer_liberals,2016,regisunregistered,-0.13736769665766874,-0.005463589093771148,0.1319041075638976,0.9409275606622028,FALSE,FALSE
D_evidence_grounded,thermometer_liberals,2016,interestsometimes,1.8778910629096877,2.5317662575586395,0.653875194648952,0.8685487709385512,FALSE,FALSE
D_evidence_grounded,thermometer_liberals,2016,interestfrequently,2.419401061124898,3.3550900539045543,0.9356889927796559,0.8125888624522367,FALSE,FALSE
D_evidence_grounded,thermometer_liberals,2016,interestregularly,1.8530578273094742,3.395996289678597,1.5429384623691227,0.695398210714782,FALSE,FALSE
D_evidence_grounded,thermometer_liberals,2016,interestalways,1.8729270533217568,2.8124780680258983,0.9395510147041415,0.8141016733795747,FALSE,FALSE
D_evidence_grounded,thermometer_liberals,2016,marstsingle,1.3542283230407364,0.16886599777660827,-1.185362325264128,0.31380058943025224,FALSE,FALSE
D_evidence_grounded,thermometer_liberals,2016,marstdivorced,1.4715942095948036,0.7930713469739359,-0.6785228626208677,0.5792168416420851,FALSE,FALSE
D_evidence_grounded,thermometer_liberals,2016,marstwidowed,-2.4052509326577436,-0.16158502062277869,2.243665912034965,0.23908644751981661,FALSE,FALSE
D_evidence_grounded,thermometer_liberals,2016,marstseparated,-2.24507139875643,0.10298319184209248,2.3480545905985224,0.5017953091628646,FALSE,FALSE
D_evidence_grounded,thermometer_liberals,2020,racethblack,0.4452738974185684,4.700865978208899,4.255592080790331,0.001712817853468037,TRUE,FALSE
D_evidence_grounded,thermometer_liberals,2020,racethHispanic,3.624631361980063,1.4387734647922783,-2.185857897187785,0.07083131948378506,FALSE,FALSE
D_evidence_grounded,thermometer_liberals,2020,age,1.2662075479444606,-1.4045568645070046,-2.670764412451465,2.2241272049666347e-13,TRUE,TRUE
D_evidence_grounded,thermometer_liberals,2020,gendermale,-2.1561784231578054,-1.6416497378610824,0.514528685296723,0.3959754190320669,FALSE,FALSE
D_evidence_grounded,thermometer_liberals,2020,ideo3Moderate,-14.759427787662029,-15.590711657039686,-0.8312838693776567,0.3505935171001392,FALSE,FALSE
D_evidence_grounded,thermometer_liberals,2020,ideo3Conservative,-33.02629390136466,-29.870042438606216,3.1562514627584433,0.004758028464139023,TRUE,FALSE
D_evidence_grounded,thermometer_liberals,2020,pidIndependent,-10.934319444552212,-15.246861624832228,-4.312542180280016,3.086267773610072e-7,TRUE,FALSE
D_evidence_grounded,thermometer_liberals,2020,pidRepublican,-22.648127557265425,-30.384401556688328,-7.736273999422902,1.1447703736650476e-10,TRUE,FALSE
D_evidence_grounded,thermometer_liberals,2020,income,1.021945329072114,-0.022281431438028187,-1.0442267605101423,0.0018895588438739214,TRUE,TRUE
D_evidence_grounded,thermometer_liberals,2020,educationSome college,2.783758241799761,0.6339416966359512,-2.1498165451638096,0.019797380580416628,TRUE,FALSE
D_evidence_grounded,thermometer_liberals,2020,educationBA or more,4.024392817037401,1.95895238013345,-2.065440436903951,0.01453928720904568,TRUE,FALSE
D_evidence_grounded,thermometer_liberals,2020,regisunregistered,2.261629181722939,-0.1752265684757539,-2.436855750198693,0.2714394931411213,FALSE,FALSE
D_evidence_grounded,thermometer_liberals,2020,interestsometimes,-8.035459189602825,3.2754356117923447,11.31089480139517,0.015909098396061073,TRUE,TRUE
D_evidence_grounded,thermometer_liberals,2020,interestfrequently,-7.373273725921092,3.4383644116597383,10.81163813758083,0.02042510246096183,TRUE,TRUE
D_evidence_grounded,thermometer_liberals,2020,interestregularly,-6.7679571047334575,3.3981792732881173,10.166136378021575,0.02848784695226956,TRUE,TRUE
D_evidence_grounded,thermometer_liberals,2020,interestalways,-7.64394298234633,3.3695456004955595,11.01348858284189,0.01827401977078711,TRUE,TRUE
D_evidence_grounded,thermometer_liberals,2020,marstsingle,3.0810333060340764,0.836535209823221,-2.2444980962108554,0.01709177720530116,TRUE,FALSE
D_evidence_grounded,thermometer_liberals,2020,marstdivorced,2.185192582562206,0.4328007113860548,-1.752391871176151,0.05456079824551271,FALSE,FALSE
D_evidence_grounded,thermometer_liberals,2020,marstwidowed,4.28714762587698,0.2096866024225168,-4.077461023454463,9.889997210617628e-4,TRUE,FALSE
D_evidence_grounded,thermometer_liberals,2020,marstseparated,2.4571807517962085,0.07676634511316394,-2.3804144066830446,0.2716541594720165,FALSE,FALSE
D_evidence_grounded,thermometer_conservatives,2016,racethblack,-0.5838443364734527,-4.111283119987,-3.527438783513547,0.060193115206374416,FALSE,FALSE
D_evidence_grounded,thermometer_conservatives,2016,racethHispanic,1.495017957785211,-2.436450988656644,-3.931468946441855,0.013870486377196832,TRUE,TRUE
D_evidence_grounded,thermometer_conservatives,2016,age,1.661587298176485,1.4439811548934154,-0.21760614328306965,0.6402891407922995,FALSE,FALSE
D_evidence_grounded,thermometer_conservatives,2016,gendermale,-2.9262271186266915,1.1473701233779776,4.073597242004669,6.40183202467746e-7,TRUE,TRUE
D_evidence_grounded,thermometer_conservatives,2016,ideo3Moderate,14.627167434183287,10.558663174052588,-4.068504260130698,9.849585019860705e-4,TRUE,FALSE
D_evidence_grounded,thermometer_conservatives,2016,ideo3Conservative,30.724445507471938,25.283755316104287,-5.4406901913676515,3.4419794526209754e-5,TRUE,FALSE
D_evidence_grounded,thermometer_conservatives,2016,pidIndependent,6.624378433343033,13.3351425580625,6.710764124719469,1.0376808381876729e-8,TRUE,FALSE
D_evidence_grounded,thermometer_conservatives,2016,pidRepublican,14.692507001111757,28.93862375698782,14.246116755876063,2.2895971587847435e-25,TRUE,FALSE
D_evidence_grounded,thermometer_conservatives,2016,income,-0.4309466412195728,0.13801552077174706,0.5689621619913199,0.27618025597864965,FALSE,FALSE
D_evidence_grounded,thermometer_conservatives,2016,educationSome college,-1.1481112816191494,-0.45964949902952623,0.6884617825896232,0.5460021744931596,FALSE,FALSE
D_evidence_grounded,thermometer_conservatives,2016,educationBA or more,-2.8275631333278266,-1.4118931438007976,1.415669989527029,0.1940233307367845,FALSE,FALSE
D_evidence_grounded,thermometer_conservatives,2016,regisunregistered,-1.7974738572458455,0.06492512430225394,1.8623989815480995,0.32389248120583813,FALSE,FALSE
D_evidence_grounded,thermometer_conservatives,2016,interestsometimes,10.070028284099234,-0.5741985278301023,-10.644226811929336,0.023122293200545763,TRUE,TRUE
D_evidence_grounded,thermometer_conservatives,2016,interestfrequently,7.810200534120504,-0.6181410348089464,-8.42834156892945,0.07178998352779559,FALSE,FALSE
D_evidence_grounded,thermometer_conservatives,2016,interestregularly,9.909237241134944,-0.5695510660780698,-10.478788307213014,0.024357895959936798,TRUE,TRUE
D_evidence_grounded,thermometer_conservatives,2016,interestalways,10.219451753682904,0.011584395515209067,-10.207867358167695,0.029799481424144618,TRUE,FALSE
D_evidence_grounded,thermometer_conservatives,2016,marstsingle,1.6983177145778159,-1.3376796509820181,-3.035997365559834,0.01851476117158672,TRUE,TRUE
D_evidence_grounded,thermometer_conservatives,2016,marstdivorced,1.8335945111757486,-1.4822458944424763,-3.315840405618225,0.00630607174339952,TRUE,TRUE
D_evidence_grounded,thermometer_conservatives,2016,marstwidowed,0.5219138404748795,-0.512678471664147,-1.0345923121390266,0.5465042229467529,FALSE,FALSE
D_evidence_grounded,thermometer_conservatives,2016,marstseparated,-0.5429508981308118,-0.6446022737989523,-0.10165137566814053,0.9746584864347881,FALSE,FALSE
D_evidence_grounded,thermometer_conservatives,2020,racethblack,4.464618475894749,-4.068755238056301,-8.53337371395105,2.642136738618988e-9,TRUE,TRUE
D_evidence_grounded,thermometer_conservatives,2020,racethHispanic,0.29235589911885906,-1.2309259462020368,-1.5232818453208958,0.1881465352452398,FALSE,FALSE
D_evidence_grounded,thermometer_conservatives,2020,age,2.5910343700238743,1.336063935155186,-1.2549704348686883,6.229851754620587e-4,TRUE,FALSE
D_evidence_grounded,thermometer_conservatives,2020,gendermale,-1.5989418328613296,1.2631952429070337,2.8621370757683633,2.0843640515839674e-6,TRUE,TRUE
D_evidence_grounded,thermometer_conservatives,2020,ideo3Moderate,13.233216591095436,10.942477140733951,-2.2907394503614853,0.016703462880830997,TRUE,FALSE
D_evidence_grounded,thermometer_conservatives,2020,ideo3Conservative,30.390202303211446,26.72642883852707,-3.6637734646843763,5.332065844777427e-4,TRUE,FALSE
D_evidence_grounded,thermometer_conservatives,2020,pidIndependent,6.241788443474643,12.964007985520404,6.722219542045759,4.8377457315475865e-14,TRUE,FALSE
D_evidence_grounded,thermometer_conservatives,2020,pidRepublican,18.857139192589383,28.8286588570803,9.971519664490918,1.425218066209776e-18,TRUE,FALSE
D_evidence_grounded,thermometer_conservatives,2020,income,-0.691810284411874,0.15484574446816424,0.8466560288800382,0.014338108779921,TRUE,TRUE
D_evidence_grounded,thermometer_conservatives,2020,educationSome college,0.1304053827945525,-0.5717897726148865,-0.702195155409439,0.4311811285056819,FALSE,FALSE
D_evidence_grounded,thermometer_conservatives,2020,educationBA or more,-2.2960477412987275,-1.3955744068138725,0.900473334484855,0.2676867290849596,FALSE,FALSE
D_evidence_grounded,thermometer_conservatives,2020,regisunregistered,0.1320865905261535,-0.44027156681924745,-0.572358157345401,0.7669689555219366,FALSE,FALSE
D_evidence_grounded,thermometer_conservatives,2020,interestsometimes,7.840475488143964,-1.4239247201922645,-9.264400208336228,0.0770134785999498,FALSE,FALSE
D_evidence_grounded,thermometer_conservatives,2020,interestfrequently,7.304466744521026,-0.7618011243711802,-8.066267868892206,0.12221882085152799,FALSE,FALSE
D_evidence_grounded,thermometer_conservatives,2020,interestregularly,7.132286925246509,-0.9160871186364599,-8.04837404388297,0.121328706129386,FALSE,FALSE
D_evidence_grounded,thermometer_conservatives,2020,interestalways,4.628436080197652,-1.1554426167820875,-5.783878696979739,0.2670223199224536,FALSE,FALSE
D_evidence_grounded,thermometer_conservatives,2020,marstsingle,-2.3669690300725206,-1.5368796576653088,0.8300893724072118,0.3800326097103669,FALSE,FALSE
D_evidence_grounded,thermometer_conservatives,2020,marstdivorced,-0.3978768341401131,-1.1185892656732954,-0.7207124315331823,0.43485027778040763,FALSE,FALSE
D_evidence_grounded,thermometer_conservatives,2020,marstwidowed,0.6777451309515758,-1.1438384445421075,-1.8215835754936833,0.1396387551603841,FALSE,FALSE
D_evidence_grounded,thermometer_conservatives,2020,marstseparated,0.8752107429144544,-1.2094165719849101,-2.0846273148993646,0.40999053211118675,FALSE,FALSE
D_evidence_grounded,thermometer_gays_lesbians,2016,racethblack,-6.504516299016894,3.4407943614894148,9.945310660506308,4.635877077181571e-5,TRUE,TRUE
D_evidence_grounded,thermometer_gays_lesbians,2016,racethHispanic,-1.8104823679679682,1.0143100848780187,2.824792452845987,0.12697539335220343,FALSE,FALSE
D_evidence_grounded,thermometer_gays_lesbians,2016,age,-3.5901593963173064,-2.486792840599785,1.1033665557175216,0.051425081124097966,FALSE,FALSE
D_evidence_grounded,thermometer_gays_lesbians,2016,gendermale,-7.33555087563306,-2.359582756786512,4.975968118846548,4.821298732243681e-7,TRUE,FALSE
D_evidence_grounded,thermometer_gays_lesbians,2016,ideo3Moderate,-12.16934194742713,-8.79238102953904,3.3769609178880886,0.01251282138286445,TRUE,FALSE
D_evidence_grounded,thermometer_gays_lesbians,2016,ideo3Conservative,-20.60590257211682,-18.496972182347758,2.1089303897690614,0.17532986169051984,FALSE,FALSE
D_evidence_grounded,thermometer_gays_lesbians,2016,pidIndependent,-1.8875133018536088,-6.752252317257756,-4.864739015404147,1.459125781864152e-4,TRUE,FALSE
D_evidence_grounded,thermometer_gays_lesbians,2016,pidRepublican,-7.870086229948015,-16.191221609492064,-8.32113537954405,1.1290645835011323e-6,TRUE,FALSE
D_evidence_grounded,thermometer_gays_lesbians,2016,income,2.736566746623734,0.7787083125531109,-1.9578584340706229,9.267807674739103e-4,TRUE,FALSE
D_evidence_grounded,thermometer_gays_lesbians,2016,educationSome college,2.274651871706931,1.7149818765645728,-0.5596699951423583,0.6892098023377189,FALSE,FALSE
D_evidence_grounded,thermometer_gays_lesbians,2016,educationBA or more,4.43638072471855,4.174957206984898,-0.2614235177336526,0.839996656608341,FALSE,FALSE
D_evidence_grounded,thermometer_gays_lesbians,2016,regisunregistered,-4.955353859091342,-0.9618328437599075,3.993521015331434,0.09374324136659148,FALSE,FALSE
D_evidence_grounded,thermometer_gays_lesbians,2016,interestsometimes,2.0231112681636336,1.3789705857863157,-0.6441406823773179,0.8937701501810484,FALSE,FALSE
D_evidence_grounded,thermometer_gays_lesbians,2016,interestfrequently,2.36454287778842,1.8051266028569501,-0.5594162749314697,0.907431077251845,FALSE,FALSE
D_evidence_grounded,thermometer_gays_lesbians,2016,interestregularly,6.148172171438692,1.6676409556920477,-4.480531215746645,0.34927935505390284,FALSE,FALSE
D_evidence_grounded,thermometer_gays_lesbians,2016,interestalways,6.392878894531545,1.3589030314455517,-5.033975863085994,0.29758252677341324,FALSE,FALSE
D_evidence_grounded,thermometer_gays_lesbians,2016,marstsingle,5.16612853259089,0.8342492407492337,-4.331879291841656,0.0025419551680383066,TRUE,FALSE
D_evidence_grounded,thermometer_gays_lesbians,2016,marstdivorced,0.01322945219173155,0.6103511073165229,0.5971216551247913,0.6856973392557529,FALSE,FALSE
D_evidence_grounded,thermometer_gays_lesbians,2016,marstwidowed,2.892809325469743,-1.5234104219505693,-4.416219747420312,0.053723909441801714,FALSE,FALSE
D_evidence_grounded,thermometer_gays_lesbians,2016,marstseparated,3.4270186312002906,-0.4719023051798885,-3.898920936380179,0.34540383946397113,FALSE,FALSE
D_evidence_grounded,thermometer_gays_lesbians,2020,racethblack,-10.216414347682383,4.222826132218339,14.439240479900722,2.939557346771887e-22,TRUE,TRUE
D_evidence_grounded,thermometer_gays_lesbians,2020,racethHispanic,-0.4106917670671413,1.0638647217821238,1.474556488849265,0.2713037356736731,FALSE,FALSE
D_evidence_grounded,thermometer_gays_lesbians,2020,age,-3.648411101005962,-2.5334432856462024,1.1149678153597598,0.005824044345730062,TRUE,FALSE
D_evidence_grounded,thermometer_gays_lesbians,2020,gendermale,-6.874739583755597,-2.4863426638147947,4.388396919940802,1.7397550544636396e-10,TRUE,FALSE
D_evidence_grounded,thermometer_gays_lesbians,2020,ideo3Moderate,-7.924187686515361,-8.419871188763194,-0.49568350224783386,0.604943230347458,FALSE,FALSE
D_evidence_grounded,thermometer_gays_lesbians,2020,ideo3Conservative,-16.76124954996286,-19.647854590772877,-2.886605040810019,0.014037613605573955,TRUE,FALSE
D_evidence_grounded,thermometer_gays_lesbians,2020,pidIndependent,-5.333762695157603,-6.964091988712965,-1.6303292935553617,0.07219765820858311,FALSE,FALSE
D_evidence_grounded,thermometer_gays_lesbians,2020,pidRepublican,-12.554521555815352,-15.807633589318765,-3.2531120335034136,0.012122840598545525,TRUE,FALSE
D_evidence_grounded,thermometer_gays_lesbians,2020,income,1.9602604063052702,0.6469830652040467,-1.3132773411012235,7.116904139979764e-4,TRUE,FALSE
D_evidence_grounded,thermometer_gays_lesbians,2020,educationSome college,3.0230293159170945,2.096623149008149,-0.9264061669089456,0.3791863632531488,FALSE,FALSE
D_evidence_grounded,thermometer_gays_lesbians,2020,educationBA or more,5.009845289719084,4.474578213919095,-0.5352670757999887,0.5781065623115222,FALSE,FALSE
D_evidence_grounded,thermometer_gays_lesbians,2020,regisunregistered,-2.732118817803238,-0.4565680006534394,2.2755508171497985,0.3303390967207023,FALSE,FALSE
D_evidence_grounded,thermometer_gays_lesbians,2020,interestsometimes,-6.923504747096636,3.968522640252953,10.89202738734959,0.030232570045074774,TRUE,TRUE
D_evidence_grounded,thermometer_gays_lesbians,2020,interestfrequently,-2.890767401621035,4.9255814890562615,7.816348890677297,0.11771497483276976,FALSE,FALSE
D_evidence_grounded,thermometer_gays_lesbians,2020,interestregularly,-1.7365307477303373,4.35324505415521,6.089775801885548,0.22080020997572114,FALSE,FALSE
D_evidence_grounded,thermometer_gays_lesbians,2020,interestalways,-0.07129789813693477,4.137377710246422,4.208675608383357,0.40023807316168647,FALSE,FALSE
D_evidence_grounded,thermometer_gays_lesbians,2020,marstsingle,2.498075968425196,0.8651859091816032,-1.6328900592435929,0.10298240833016149,FALSE,FALSE
D_evidence_grounded,thermometer_gays_lesbians,2020,marstdivorced,1.0155362329991462,0.19666294153412256,-0.8188732914650236,0.4348068802390195,FALSE,FALSE
D_evidence_grounded,thermometer_gays_lesbians,2020,marstwidowed,2.6867773360590546,-0.8702024724150581,-3.5569798084741127,0.013373027355548609,TRUE,TRUE
D_evidence_grounded,thermometer_gays_lesbians,2020,marstseparated,2.6957465389128146,0.03297888881654387,-2.6627676500962707,0.39599856837267955,FALSE,FALSE
D_evidence_grounded,thermometer_asian_americans,2016,racethblack,2.1926581129928056,2.283325551801797,0.09066743880899164,0.9645925095766128,FALSE,FALSE
D_evidence_grounded,thermometer_asian_americans,2016,racethHispanic,1.6580172909247297,-0.46243995547522676,-2.1204572463999565,0.1665228851117326,FALSE,FALSE
D_evidence_grounded,thermometer_asian_americans,2016,age,0.1738858454744895,-0.6823341361667385,-0.856219981641228,0.07981983661947377,FALSE,FALSE
D_evidence_grounded,thermometer_asian_americans,2016,gendermale,-1.9755043793907778,-1.783913790705268,0.19159058868550982,0.8191666053602465,FALSE,FALSE
D_evidence_grounded,thermometer_asian_americans,2016,ideo3Moderate,-4.502049844679076,-3.104596258761397,1.3974535859176795,0.229978550634338,FALSE,FALSE
D_evidence_grounded,thermometer_asian_americans,2016,ideo3Conservative,-3.2943149437812913,-4.0562184298587765,-0.7619034860774848,0.552123771942846,FALSE,FALSE
D_evidence_grounded,thermometer_asian_americans,2016,pidIndependent,0.4050038071539604,-3.1423037605302873,-3.5473075676842476,0.0018951865387145316,TRUE,TRUE
D_evidence_grounded,thermometer_asian_americans,2016,pidRepublican,-1.5226184302598953,-1.8435063758661072,-0.3208879456062119,0.8202560766344728,FALSE,FALSE
D_evidence_grounded,thermometer_asian_americans,2016,income,1.4907015108079031,0.2685000285414261,-1.222201482266477,0.0145947849057707,TRUE,FALSE
D_evidence_grounded,thermometer_asian_americans,2016,educationSome college,1.877081883293164,0.695183807557811,-1.181898075735353,0.31579190994914264,FALSE,FALSE
D_evidence_grounded,thermometer_asian_americans,2016,educationBA or more,3.7967761763190504,1.9010769337532034,-1.895699242565847,0.07628804672616216,FALSE,FALSE
D_evidence_grounded,thermometer_asian_americans,2016,regisunregistered,-4.554471214677136,-1.3297884772593762,3.22468273741776,0.07883639154209765,FALSE,FALSE
D_evidence_grounded,thermometer_asian_americans,2016,interestsometimes,-1.5136053916096994,2.2713811779002313,3.7849865695099307,0.3430512459108541,FALSE,FALSE
D_evidence_grounded,thermometer_asian_americans,2016,interestfrequently,0.26681584648712797,3.1721798063543565,2.9053639598672287,0.46311063797713237,FALSE,FALSE
D_evidence_grounded,thermometer_asian_americans,2016,interestregularly,2.851453415801993,3.448874516565483,0.5974211007634895,0.8797886760304454,FALSE,FALSE
D_evidence_grounded,thermometer_asian_americans,2016,interestalways,3.867194516182152,3.450058151698421,-0.41713636448373137,0.916858575881386,FALSE,FALSE
D_evidence_grounded,thermometer_asian_americans,2016,marstsingle,3.385501943381146,-0.25729375027920387,-3.64279569366035,0.0037955893618013274,TRUE,TRUE
D_evidence_grounded,thermometer_asian_americans,2016,marstdivorced,0.36240044302931773,-0.79831660134482485,-1.1607170443741426,0.34311538198871505,FALSE,FALSE
D_evidence_grounded,thermometer_asian_americans,2016,marstwidowed,2.253693629855116,-1.1194107253139176,-3.3731043551690334,0.05132821476235582,FALSE,FALSE
D_evidence_grounded,thermometer_asian_americans,2016,marstseparated,-6.344199351741494,-1.1446103461491504,5.199589005592344,0.20619343094992962,FALSE,FALSE
D_evidence_grounded,thermometer_asian_americans,2020,racethblack,-4.668239266710859,2.087150110032292,6.755389376743151,4.5720622121972514e-4,TRUE,TRUE
D_evidence_grounded,thermometer_asian_americans,2020,racethHispanic,3.5479598215736954,-0.07576001638323016,-3.6237198379569255,0.02389289008650379,TRUE,TRUE
D_evidence_grounded,thermometer_asian_americans,2020,age,-0.5033429062443159,-0.8086154516550516,-0.3052725454107357,0.5301586245127028,FALSE,FALSE
D_evidence_grounded,thermometer_asian_americans,2020,gendermale,-2.0871267338400656,-1.6072212609447614,0.4799054728953043,0.5743918779964274,FALSE,FALSE
D_evidence_grounded,thermometer_asian_americans,2020,ideo3Moderate,-1.839183593447641,-3.310598861370364,-1.471415267922723,0.22752353233025405,FALSE,FALSE
D_evidence_grounded,thermometer_asian_americans,2020,ideo3Conservative,-1.4619202518547028,-4.541468161030643,-3.0795479091759406,0.02655360510047719,TRUE,FALSE
D_evidence_grounded,thermometer_asian_americans,2020,pidIndependent,-3.3967742735933233,-3.879466093186495,-0.48269181959317153,0.6776821812314331,FALSE,FALSE
D_evidence_grounded,thermometer_asian_americans,2020,pidRepublican,-6.456731134708091,-2.8316199850286754,3.625111149679416,0.013888539912991823,TRUE,FALSE
D_evidence_grounded,thermometer_asian_americans,2020,income,0.36950827836088385,0.3788292212520017,0.009320942891117845,0.9840835140230335,FALSE,FALSE
D_evidence_grounded,thermometer_asian_americans,2020,educationSome college,4.105821735801107,1.0653255816786644,-3.0404961541224425,0.016036286458379043,TRUE,FALSE
D_evidence_grounded,thermometer_asian_americans,2020,educationBA or more,5.6078011119350615,2.1757617828415095,-3.432039329093552,0.003265907618602888,TRUE,FALSE
D_evidence_grounded,thermometer_asian_americans,2020,regisunregistered,-1.2098798019303494,-2.3752364633386787,-1.1653566614083295,0.7214385888258921,FALSE,FALSE
D_evidence_grounded,thermometer_asian_americans,2020,interestsometimes,-4.8113772539925614,0.24239102842374738,5.053768282416309,0.4262578119217363,FALSE,FALSE
D_evidence_grounded,thermometer_asian_americans,2020,interestfrequently,-3.7416188181417103,1.225146881203266,4.966765699344976,0.43176217408987705,FALSE,FALSE
D_evidence_grounded,thermometer_asian_americans,2020,interestregularly,-3.039211149493352,1.3323386136899744,4.371549763183326,0.4851756422843462,FALSE,FALSE
D_evidence_grounded,thermometer_asian_americans,2020,interestalways,0.5249344516811143,1.3604341555411668,0.8354997038600525,0.8942300223419368,FALSE,FALSE
D_evidence_grounded,thermometer_asian_americans,2020,marstsingle,-1.5067368390418432,0.19199099002590625,1.6987278290677494,0.20309175153393605,FALSE,FALSE
D_evidence_grounded,thermometer_asian_americans,2020,marstdivorced,-1.2184073024528392,-0.26576975228534794,0.9526375501674913,0.46224317841104556,FALSE,FALSE
D_evidence_grounded,thermometer_asian_americans,2020,marstwidowed,-0.2207529742476062,-1.033140226883722,-0.8123872526361158,0.6188313876280362,FALSE,FALSE
D_evidence_grounded,thermometer_asian_americans,2020,marstseparated,-1.5168766146844348,0.03227413506712651,1.5491507497515613,0.6385596345100693,FALSE,FALSE
D_evidence_grounded,thermometer_black_americans,2016,racethblack,16.475957089354175,15.721571265810352,-0.754385823543823,0.6347555787826178,FALSE,FALSE
D_evidence_grounded,thermometer_black_americans,2016,racethHispanic,2.2884339306158825,2.660781049316307,0.3723471187004246,0.8199059720595464,FALSE,FALSE
D_evidence_grounded,thermometer_black_americans,2016,age,-0.4022773018859927,-1.575498725048005,-1.1732214231620124,0.0197269110952123,TRUE,FALSE
D_evidence_grounded,thermometer_black_americans,2016,gendermale,-3.919754146540893,-2.8176015814810524,1.1021525650598403,0.19566904813564612,FALSE,FALSE
D_evidence_grounded,thermometer_black_americans,2016,ideo3Moderate,-4.736770327768003,-4.783687593801124,-0.04691726603312096,0.9668681046411849,FALSE,FALSE
D_evidence_grounded,thermometer_black_americans,2016,ideo3Conservative,-3.8404556984017666,-9.016192363166612,-5.1757366647648455,3.0250639912494775e-5,TRUE,FALSE
D_evidence_grounded,thermometer_black_americans,2016,pidIndependent,-2.229687375476308,-5.904221515008428,-3.6745341395321196,8.237073938039016e-4,TRUE,FALSE
D_evidence_grounded,thermometer_black_americans,2016,pidRepublican,-5.251766210425811,-8.62301918241483,-3.3712529719890174,0.01327591661059632,TRUE,FALSE
D_evidence_grounded,thermometer_black_americans,2016,income,0.7607871310625209,0.025220641438795877,-0.7355664896237251,0.14798520226401662,FALSE,FALSE
D_evidence_grounded,thermometer_black_americans,2016,educationSome college,1.147260285162222,0.9777197093845889,-0.16954057577763315,0.8836911655789699,FALSE,FALSE
D_evidence_grounded,thermometer_black_americans,2016,educationBA or more,1.7310440147995805,1.8381064933411524,0.10706247854157191,0.9204777422709214,FALSE,FALSE
D_evidence_grounded,thermometer_black_americans,2016,regisunregistered,-5.0144889445081144,-1.236985163425889,3.7775037810822254,0.039094175359757316,TRUE,FALSE
D_evidence_grounded,thermometer_black_americans,2016,interestsometimes,7.999382775900784,2.949559204233581,-5.049823571667203,0.2051635322757026,FALSE,FALSE
D_evidence_grounded,thermometer_black_americans,2016,interestfrequently,8.632451925290345,3.6413999254811174,-4.991051999809228,0.20570726083990876,FALSE,FALSE
D_evidence_grounded,thermometer_black_americans,2016,interestregularly,11.272068568749742,3.71107421697633,-7.560994351773411,0.05286490094514256,FALSE,FALSE
D_evidence_grounded,thermometer_black_americans,2016,interestalways,12.601412474330958,3.5334711607193903,-9.067941313611568,0.021766209351548518,TRUE,FALSE
D_evidence_grounded,thermometer_black_americans,2016,marstsingle,1.769979075197559,-0.06537229511803888,-1.835351370315598,0.156903116602791,FALSE,FALSE
D_evidence_grounded,thermometer_black_americans,2016,marstdivorced,-0.5473652461827969,-0.36764125590011965,0.17972399028267727,0.8848869874971967,FALSE,FALSE
D_evidence_grounded,thermometer_black_americans,2016,marstwidowed,-0.2582772953144241,-0.32393700184027097,-0.06565970652584685,0.9707046206635717,FALSE,FALSE
D_evidence_grounded,thermometer_black_americans,2016,marstseparated,-10.654647604508312,-1.3477017914685234,9.306945813039789,0.013318441321640256,TRUE,FALSE
D_evidence_grounded,thermometer_black_americans,2020,racethblack,12.226276202537829,14.825613262172197,2.5993370596343697,0.018347090001635685,TRUE,FALSE
D_evidence_grounded,thermometer_black_americans,2020,racethHispanic,3.7718170417818686,2.1066389291823713,-1.6651781125994973,0.13771104336877313,FALSE,FALSE
D_evidence_grounded,thermometer_black_americans,2020,age,-0.6623067598103836,-1.6785801213240767,-1.0162733615136932,0.003909040071786919,TRUE,FALSE
D_evidence_grounded,thermometer_black_americans,2020,gendermale,-4.89390984332539,-2.493275635474551,2.400634207850839,5.2776722267250244e-5,TRUE,FALSE
D_evidence_grounded,thermometer_black_americans,2020,ideo3Moderate,-4.113625201215358,-4.919647016290711,-0.8060218150753535,0.3352482479325809,FALSE,FALSE
D_evidence_grounded,thermometer_black_americans,2020,ideo3Conservative,-4.124024064862647,-9.501832612144824,-5.377808547282176,2.1116324360694885e-8,TRUE,FALSE
D_evidence_grounded,thermometer_black_americans,2020,pidIndependent,-3.625968431832706,-6.3736451591000485,-2.747676727267343,4.5926044489135153e-4,TRUE,FALSE
D_evidence_grounded,thermometer_black_americans,2020,pidRepublican,-5.501237314132999,-8.463586154335212,-2.9623488402022136,0.0040311993907358136,TRUE,FALSE
D_evidence_grounded,thermometer_black_americans,2020,income,0.12734531655099546,0.11025280100189838,-0.017092515549097076,0.9580749457484086,FALSE,FALSE
D_evidence_grounded,thermometer_black_americans,2020,educationSome college,2.314147686069237,1.1432962950877705,-1.1708513909814666,0.17797392098267978,FALSE,FALSE
D_evidence_grounded,thermometer_black_americans,2020,educationBA or more,3.3888338250663406,2.081892580772781,-1.30694124429356,0.10181293147074648,FALSE,FALSE
D_evidence_grounded,thermometer_black_americans,2020,regisunregistered,-2.545450961059392,-0.9378526729162189,1.607598288143173,0.43493023959085797,FALSE,FALSE
D_evidence_grounded,thermometer_black_americans,2020,interestsometimes,-1.4204437824976248,2.456992288712275,3.8774360712099,0.40484285182119695,FALSE,FALSE
D_evidence_grounded,thermometer_black_americans,2020,interestfrequently,0.3765579356210469,3.012962283360507,2.63640434773946,0.5694580568024363,FALSE,FALSE
D_evidence_grounded,thermometer_black_americans,2020,interestregularly,0.7981452243478979,3.23477018358247,2.436624959234572,0.5967055202177887,FALSE,FALSE
D_evidence_grounded,thermometer_black_americans,2020,interestalways,2.6726790653753336,3.50537070457212,0.8326916391967865,0.8571108333106374,FALSE,FALSE
D_evidence_grounded,thermometer_black_americans,2020,marstsingle,-0.5049808754135796,0.5065038859802895,1.0114847613938691,0.25933070570037753,FALSE,FALSE
D_evidence_grounded,thermometer_black_americans,2020,marstdivorced,-0.5033745238872731,-0.4210579564015182,0.08231656748575489,0.9258297967254544,FALSE,FALSE
D_evidence_grounded,thermometer_black_americans,2020,marstwidowed,0.5722630257114623,-0.2128901311303495,-0.7851531568418118,0.49867867698381096,FALSE,FALSE
D_evidence_grounded,thermometer_black_americans,2020,marstseparated,-0.22864887198943507,-0.7063960878097362,-0.4777472158203011,0.8541746955714256,FALSE,FALSE
D_evidence_grounded,thermometer_white_americans,2016,racethblack,-5.045251896045155,-3.9280906265852025,1.1171612694599524,0.5904207405952799,FALSE,FALSE
D_evidence_grounded,thermometer_white_americans,2016,racethHispanic,-3.518720488872915,-4.954034565171526,-1.4353140762986105,0.37231465124736396,FALSE,FALSE
D_evidence_grounded,thermometer_white_americans,2016,age,1.891055361052942,1.3344082407524294,-0.5566471203005126,0.25151035582997183,FALSE,FALSE
D_evidence_grounded,thermometer_white_americans,2016,gendermale,-3.8453785465538335,-0.08870250121391354,3.75667604533992,4.8250793545126905e-6,TRUE,FALSE
D_evidence_grounded,thermometer_white_americans,2016,ideo3Moderate,0.8469246546269775,4.669423359052348,3.8224987044253704,0.001546842752249734,TRUE,FALSE
D_evidence_grounded,thermometer_white_americans,2016,ideo3Conservative,2.211569340464107,6.039365693190758,3.8277963527266516,0.0022545252451141085,TRUE,FALSE
D_evidence_grounded,thermometer_white_americans,2016,pidIndependent,-0.11392236753988629,0.27212580759264104,0.3860481751325273,0.7324509236000462,FALSE,FALSE
D_evidence_grounded,thermometer_white_americans,2016,pidRepublican,1.641496476554445,4.721975738170897,3.080479261616452,0.01901749021511649,TRUE,FALSE
D_evidence_grounded,thermometer_white_americans,2016,income,0.8345375277431089,-0.10313920648612651,-0.9376767342292354,0.055226963854508586,FALSE,FALSE
D_evidence_grounded,thermometer_white_americans,2016,educationSome college,-0.439039666888981,-1.0054689544256088,-0.5664292875366279,0.6269786124824872,FALSE,FALSE
D_evidence_grounded,thermometer_white_americans,2016,educationBA or more,-0.33828968606369647,-1.7503818287016677,-1.4120921426379711,0.18173141429892767,FALSE,FALSE
D_evidence_grounded,thermometer_white_americans,2016,regisunregistered,-1.0561954722893323,-0.3822309269064049,0.6739645453829274,0.7232476319450324,FALSE,FALSE
D_evidence_grounded,thermometer_white_americans,2016,interestsometimes,8.141891765082503,0.599872126704458,-7.542019638378045,0.05525921157588173,FALSE,FALSE
D_evidence_grounded,thermometer_white_americans,2016,interestfrequently,6.295279726888873,1.2462180168345256,-5.049061710054348,0.19676999003123782,FALSE,FALSE
D_evidence_grounded,thermometer_white_americans,2016,interestregularly,7.9877297045157984,1.1112343585634719,-6.876495345952327,0.07856146738004782,FALSE,FALSE
D_evidence_grounded,thermometer_white_americans,2016,interestalways,8.241858808619135,0.9458631495608714,-7.2959956590582635,0.064771844420285,FALSE,FALSE
D_evidence_grounded,thermometer_white_americans,2016,marstsingle,1.2965160743400972,-1.46732248724651,-2.7638385615866072,0.027715496091135872,TRUE,TRUE
D_evidence_grounded,thermometer_white_americans,2016,marstdivorced,2.1103934579447943,-1.44187871094329,-3.5522721688880843,0.0028414322193283013,TRUE,TRUE
D_evidence_grounded,thermometer_white_americans,2016,marstwidowed,-1.1040274266000965,-0.0796246364225639,1.0244027901775326,0.5976215354813954,FALSE,FALSE
D_evidence_grounded,thermometer_white_americans,2016,marstseparated,-0.203123075969188,-1.3240685549059492,-1.1209454789367612,0.7116814267133671,FALSE,FALSE
D_evidence_grounded,thermometer_white_americans,2020,racethblack,-2.8072759575402517,-3.134587840100673,-0.3273118825604211,0.8160323905214208,FALSE,FALSE
D_evidence_grounded,thermometer_white_americans,2020,racethHispanic,0.839672875425359,-4.053909948593214,-4.893582824018573,4.671295500605484e-5,TRUE,TRUE
D_evidence_grounded,thermometer_white_americans,2020,age,3.120369937319756,1.3480062974779283,-1.7723636398418279,1.1014548868800522e-6,TRUE,FALSE
D_evidence_grounded,thermometer_white_americans,2020,gendermale,-2.2005487434412485,0.32120915340709244,2.521757896848341,4.2195038623196585e-5,TRUE,TRUE
D_evidence_grounded,thermometer_white_americans,2020,ideo3Moderate,2.449165003824301,4.2031286438368385,1.7539636400125374,0.05107119162800342,FALSE,FALSE
D_evidence_grounded,thermometer_white_americans,2020,ideo3Conservative,3.6228084245520034,6.072348470217804,2.4495400456658003,0.013599182714548623,TRUE,FALSE
D_evidence_grounded,thermometer_white_americans,2020,pidIndependent,-0.769844121700599,0.3287682468998355,1.0986123686004345,0.20784023595613837,FALSE,FALSE
D_evidence_grounded,thermometer_white_americans,2020,pidRepublican,1.15019107284747,5.305900471377673,4.155709398530203,8.143909099166515e-5,TRUE,FALSE
D_evidence_grounded,thermometer_white_americans,2020,income,0.3017806025783085,-0.3091406092364726,-0.6109212118147811,0.06935410885282355,FALSE,FALSE
D_evidence_grounded,thermometer_white_americans,2020,educationSome college,2.153594008290881,-1.0852987438255273,-3.238892752116408,2.2403343386479967e-4,TRUE,TRUE
D_evidence_grounded,thermometer_white_americans,2020,educationBA or more,2.308100034709102,-2.04109113365102,-4.349191168360122,8.879999865666262e-8,TRUE,TRUE
D_evidence_grounded,thermometer_white_americans,2020,regisunregistered,-0.7129596374607239,-0.8843201078470863,-0.17136047038636237,0.9346275870839045,FALSE,FALSE
D_evidence_grounded,thermometer_white_americans,2020,interestsometimes,-3.90436697821895,-1.4605650410013715,2.4438019372175783,0.597054516721865,FALSE,FALSE
D_evidence_grounded,thermometer_white_americans,2020,interestfrequently,-2.309823235528984,-0.9019111635751962,1.4079120719537879,0.7598046380900458,FALSE,FALSE
D_evidence_grounded,thermometer_white_americans,2020,interestregularly,-4.230327404256822,-0.8184702226007583,3.4118571816560634,0.45631798018844794,FALSE,FALSE
D_evidence_grounded,thermometer_white_americans,2020,interestalways,-3.757974797416677,-1.1069990380312968,2.65097575938538,0.5644552088992707,FALSE,FALSE
D_evidence_grounded,thermometer_white_americans,2020,marstsingle,-2.835205697542633,-1.2977309335232525,1.5374747640193807,0.11243382300898526,FALSE,FALSE
D_evidence_grounded,thermometer_white_americans,2020,marstdivorced,-0.494307242706153,-1.3955447673034032,-0.9012375245972502,0.3192026060122429,FALSE,FALSE
D_evidence_grounded,thermometer_white_americans,2020,marstwidowed,0.25032103546996476,-0.3829273251745522,-0.633248360644517,0.6023805596113851,FALSE,FALSE
D_evidence_grounded,thermometer_white_americans,2020,marstseparated,-3.1609898105097045,-2.212396828956912,0.9485929815527925,0.7025627778373876,FALSE,FALSE
D_evidence_grounded,thermometer_democratic_party,2016,racethblack,10.046117721793564,5.077266834215584,-4.968850887577981,0.010511718765485897,TRUE,FALSE
D_evidence_grounded,thermometer_democratic_party,2016,racethHispanic,9.410016701808006,1.6804838007903369,-7.729532901017669,2.0627236656640073e-5,TRUE,FALSE
D_evidence_grounded,thermometer_democratic_party,2016,age,0.47270437487994993,-0.7707663314803537,-1.2434707063603037,0.016822219307495646,TRUE,TRUE
D_evidence_grounded,thermometer_democratic_party,2016,gendermale,-1.3641413099776507,-1.7261177969713208,-0.36197648699367013,0.6752264906396896,FALSE,FALSE
D_evidence_grounded,thermometer_democratic_party,2016,ideo3Moderate,-7.852728792777778,-8.810258336345816,-0.9575295435680383,0.44788974465237974,FALSE,FALSE
D_evidence_grounded,thermometer_democratic_party,2016,ideo3Conservative,-21.612795685554634,-19.85176147720647,1.7610342083481634,0.22497468901587678,FALSE,FALSE
D_evidence_grounded,thermometer_democratic_party,2016,pidIndependent,-23.608925778575067,-21.922872111073644,1.6860536675014215,0.17509651272089286,FALSE,FALSE
D_evidence_grounded,thermometer_democratic_party,2016,pidRepublican,-34.61271115358826,-40.34863549979643,-5.735924346208171,2.879170556095359e-4,TRUE,FALSE
D_evidence_grounded,thermometer_democratic_party,2016,income,-0.3276693638067375,0.03197368528914246,0.35964304909587996,0.48472938195167214,FALSE,FALSE
D_evidence_grounded,thermometer_democratic_party,2016,educationSome college,0.8530694755877695,0.005575007024986478,-0.847494468562783,0.49037560632164856,FALSE,FALSE
D_evidence_grounded,thermometer_democratic_party,2016,educationBA or more,1.5089299293842204,1.1692750447828872,-0.3396548846013332,0.7720994460362162,FALSE,FALSE
D_evidence_grounded,thermometer_democratic_party,2016,regisunregistered,1.7128753802671173,-0.3316644487940539,-2.044539829061171,0.3590579786600102,FALSE,FALSE
D_evidence_grounded,thermometer_democratic_party,2016,interestsometimes,8.496708819433437,1.6107549566731398,-6.885953862760297,0.21007940964849856,FALSE,FALSE
D_evidence_grounded,thermometer_democratic_party,2016,interestfrequently,6.044337236732281,2.306042041471612,-3.7382951952606693,0.4981724503110476,FALSE,FALSE
D_evidence_grounded,thermometer_democratic_party,2016,interestregularly,6.465202794433779,2.3704755803631476,-4.094727214070631,0.4564581521372456,FALSE,FALSE
D_evidence_grounded,thermometer_democratic_party,2016,interestalways,4.684351941178882,1.5084659341369262,-3.1758860070419557,0.5681439125602519,FALSE,FALSE
D_evidence_grounded,thermometer_democratic_party,2016,marstsingle,2.5225144364502152,0.2676551459014207,-2.2548592905487945,0.08397289960906817,FALSE,FALSE
D_evidence_grounded,thermometer_democratic_party,2016,marstdivorced,0.20866995403004052,0.35115379437076544,0.14248384034072492,0.9145828666210221,FALSE,FALSE
D_evidence_grounded,thermometer_democratic_party,2016,marstwidowed,4.698664774873242,0.1302469629903893,-4.568417811882853,0.01598864749486725,TRUE,FALSE
D_evidence_grounded,thermometer_democratic_party,2016,marstseparated,-2.9771117163548553,0.05837558293865186,3.035487299293507,0.4487188032656242,FALSE,FALSE
D_evidence_grounded,thermometer_democratic_party,2020,racethblack,11.468865873602388,5.404550334934136,-6.064315538668252,8.944833221211776e-8,TRUE,FALSE
D_evidence_grounded,thermometer_democratic_party,2020,racethHispanic,7.24620568515809,1.485756741354372,-5.760448943803718,2.099951333860311e-7,TRUE,FALSE
D_evidence_grounded,thermometer_democratic_party,2020,age,1.9320706001263792,-0.6538761094285102,-2.5859467095548894,5.233219607395417e-14,TRUE,TRUE
D_evidence_grounded,thermometer_democratic_party,2020,gendermale,-1.7185239419395946,-1.5919512330152157,0.12657270892437888,0.8179821277546225,FALSE,FALSE
D_evidence_grounded,thermometer_democratic_party,2020,ideo3Moderate,-6.265907603180423,-10.134073692378173,-3.868166089197749,7.361364546929435e-6,TRUE,FALSE
D_evidence_grounded,thermometer_democratic_party,2020,ideo3Conservative,-26.357566772254074,-21.864263535500854,4.493303236753222,1.824658651384154e-5,TRUE,FALSE
D_evidence_grounded,thermometer_democratic_party,2020,pidIndependent,-23.177046041517084,-21.93022606827342,1.2468199732436642,0.13081372968211416,FALSE,FALSE
D_evidence_grounded,thermometer_democratic_party,2020,pidRepublican,-37.12060976471946,-40.061233090055225,-2.940623325335762,0.007612695850398086,TRUE,FALSE
D_evidence_grounded,thermometer_democratic_party,2020,income,0.20375839230584958,-0.02462781139135528,-0.22838620369720486,0.4581457869014577,FALSE,FALSE
D_evidence_grounded,thermometer_democratic_party,2020,educationSome college,-0.3596129701946511,0.2907240510079978,0.6503370212026489,0.41211638781515614,FALSE,FALSE
D_evidence_grounded,thermometer_democratic_party,2020,educationBA or more,0.767619858705021,1.2775247989505596,0.5099049402455387,0.49148401508589656,FALSE,FALSE
D_evidence_grounded,thermometer_democratic_party,2020,regisunregistered,-0.28061994018973885,-0.09995979722325427,0.18066014296648458,0.8404968379039588,FALSE,FALSE
D_evidence_grounded,thermometer_democratic_party,2020,interestsometimes,-5.35726120888658,1.9537153907999496,7.31097659968653,0.09699068345007883,FALSE,FALSE
D_evidence_grounded,thermometer_democratic_party,2020,interestfrequently,-6.773526602920639,2.1715126489421968,8.945039251862836,0.041498543005908,TRUE,TRUE
D_evidence_grounded,thermometer_democratic_party,2020,interestregularly,-6.71873773195431,2.035926027090758,8.754663759045068,0.044825922087696424,TRUE,TRUE
D_evidence_grounded,thermometer_democratic_party,2020,interestalways,-7.416086814352883,1.827629582344346,9.243716396697229,0.03487337726091378,TRUE,TRUE
D_evidence_grounded,thermometer_democratic_party,2020,marstsingle,0.7429941174242201,0.6618708223103695,-0.08112329511385052,0.9237501708028599,FALSE,FALSE
D_evidence_grounded,thermometer_democratic_party,2020,marstdivorced,1.468722084620803,0.6720533803567306,-0.7966687042640723,0.35945722993251195,FALSE,FALSE
D_evidence_grounded,thermometer_democratic_party,2020,marstwidowed,3.645069300713836,0.7712366164790834,-2.8738326842347526,0.010942985938502093,TRUE,FALSE
D_evidence_grounded,thermometer_democratic_party,2020,marstseparated,4.216198051771045,0.22791184274302623,-3.9882862090280184,0.09970768952405834,FALSE,FALSE
D_evidence_grounded,thermometer_republican_party,2016,racethblack,-8.105103011086399,-7.796717893775085,0.30838511731131435,0.8668484012441984,FALSE,FALSE
D_evidence_grounded,thermometer_republican_party,2016,racethHispanic,-0.7145923781812298,-3.9667329461694854,-3.252140567988256,0.0703884416676362,FALSE,FALSE
D_evidence_grounded,thermometer_republican_party,2016,age,-0.06603569982316074,1.4509154426805468,1.5169511425037077,0.0048215589061011924,TRUE,TRUE
D_evidence_grounded,thermometer_republican_party,2016,gendermale,-2.662712249914447,2.522789239875715,5.185501489790162,8.080538603254152e-9,TRUE,TRUE
D_evidence_grounded,thermometer_republican_party,2016,ideo3Moderate,10.866781491136436,9.472449533452586,-1.3943319576838493,0.26677780313630206,FALSE,FALSE
D_evidence_grounded,thermometer_republican_party,2016,ideo3Conservative,17.227358419323178,18.23686242609247,1.0095040067692922,0.47483937025213674,FALSE,FALSE
D_evidence_grounded,thermometer_republican_party,2016,pidIndependent,9.993550922125449,18.058727371973454,8.065176449848007,3.357582154828353e-11,TRUE,FALSE
D_evidence_grounded,thermometer_republican_party,2016,pidRepublican,29.875088652982146,42.00601118032261,12.130922527340465,5.138740842713838e-15,TRUE,FALSE
D_evidence_grounded,thermometer_republican_party,2016,income,-1.1951271774527295,0.23653105782385953,1.431658235276589,0.011352947049569566,TRUE,TRUE
D_evidence_grounded,thermometer_republican_party,2016,educationSome college,0.3807682583505375,-0.017183559006414106,-0.3979518173569516,0.7549333678656294,FALSE,FALSE
D_evidence_grounded,thermometer_republican_party,2016,educationBA or more,-3.130644277031722,-1.5439595438181686,1.5866847332135536,0.18680516062022287,FALSE,FALSE
D_evidence_grounded,thermometer_republican_party,2016,regisunregistered,1.7811362342820685,0.5123966691956128,-1.2687395650864557,0.5011493299532663,FALSE,FALSE
D_evidence_grounded,thermometer_republican_party,2016,interestsometimes,9.33938136600396,0.7419712000041851,-8.597410165999776,0.1386248951517622,FALSE,FALSE
D_evidence_grounded,thermometer_republican_party,2016,interestfrequently,9.734804680112195,0.7052778815525613,-9.029526798559633,0.12022845740645764,FALSE,FALSE
D_evidence_grounded,thermometer_republican_party,2016,interestregularly,8.241661097605983,0.6022688215519167,-7.639392276054066,0.18560662392687274,FALSE,FALSE
D_evidence_grounded,thermometer_republican_party,2016,interestalways,4.322621805815901,1.0539565265827506,-3.2686652792331503,0.5736521744871222,FALSE,FALSE
D_evidence_grounded,thermometer_republican_party,2016,marstsingle,-1.1073973924560856,-1.6312243433080842,-0.5238269508519986,0.6958642873583818,FALSE,FALSE
D_evidence_grounded,thermometer_republican_party,2016,marstdivorced,-1.306407240517283,-1.6908210731647864,-0.3844138326475033,0.7781365735186242,FALSE,FALSE
D_evidence_grounded,thermometer_republican_party,2016,marstwidowed,2.560826512919737,-1.2760903725323067,-3.8369168854520437,0.05233996294091009,FALSE,FALSE
D_evidence_grounded,thermometer_republican_party,2016,marstseparated,-3.1377599724729706,-1.6347512070452197,1.5030087654277509,0.7467194155336355,FALSE,FALSE
D_evidence_grounded,thermometer_republican_party,2020,racethblack,-2.955262835800066,-7.3391491800304705,-4.383886344230405,3.0487908465174707e-4,TRUE,FALSE
D_evidence_grounded,thermometer_republican_party,2020,racethHispanic,-1.1725554561610638,-2.585788175290067,-1.4132327191290028,0.1983024226351556,FALSE,FALSE
D_evidence_grounded,thermometer_republican_party,2020,age,-0.18688307150674477,1.341578976173528,1.5284620476802728,1.1650873422395658e-5,TRUE,TRUE
D_evidence_grounded,thermometer_republican_party,2020,gendermale,-2.5981770928970946,1.9589035017062089,4.5570805946033035,1.4587206572643213e-15,TRUE,TRUE
D_evidence_grounded,thermometer_republican_party,2020,ideo3Moderate,10.108016259889009,9.186212072687306,-0.9218041872017031,0.3003689105030039,FALSE,FALSE
D_evidence_grounded,thermometer_republican_party,2020,ideo3Conservative,25.997831988058746,19.274541342544445,-6.723290645514302,4.327019487437119e-10,TRUE,FALSE
D_evidence_grounded,thermometer_republican_party,2020,pidIndependent,12.694692509094557,16.103958489789402,3.4092659806948467,3.693990839543347e-5,TRUE,FALSE
D_evidence_grounded,thermometer_republican_party,2020,pidRepublican,37.36373127542038,42.14517159130514,4.781440315884763,2.7733008147462004e-5,TRUE,FALSE
D_evidence_grounded,thermometer_republican_party,2020,income,-0.8363651433460817,0.3070883287213737,1.1434534720674554,2.997445793974337e-4,TRUE,TRUE
D_evidence_grounded,thermometer_republican_party,2020,educationSome college,-1.7844361766200978,-0.570157820527978,1.2142783560921198,0.14599937503507177,FALSE,FALSE
D_evidence_grounded,thermometer_republican_party,2020,educationBA or more,-5.8590096356148775,-1.7358295961531285,4.123180039461749,5.419891652079949e-8,TRUE,FALSE
D_evidence_grounded,thermometer_republican_party,2020,regisunregistered,1.9585978542220943,-0.4695776538835197,-2.428175508105614,0.00927619543868665,TRUE,TRUE
D_evidence_grounded,thermometer_republican_party,2020,interestsometimes,0.14259998272118235,-0.6607009575533809,-0.8033009402745632,0.8819108782371322,FALSE,FALSE
D_evidence_grounded,thermometer_republican_party,2020,interestfrequently,0.5512937122152519,0.3150418278650018,-0.23625188435025013,0.9649831191803,FALSE,FALSE
D_evidence_grounded,thermometer_republican_party,2020,interestregularly,-1.379764056250044,0.1671725322456976,1.5469365884957416,0.7729632942606066,FALSE,FALSE
D_evidence_grounded,thermometer_republican_party,2020,interestalways,-4.166400275054866,-0.2061137939304829,3.9602864811243834,0.46160296639869114,FALSE,FALSE
D_evidence_grounded,thermometer_republican_party,2020,marstsingle,-2.6036964725978406,-2.0046633775946234,0.5990330950032172,0.48124948082693164,FALSE,FALSE
D_evidence_grounded,thermometer_republican_party,2020,marstdivorced,-1.6151402910637596,-1.7644407720104325,-0.14930048094667292,0.8741039573078815,FALSE,FALSE
D_evidence_grounded,thermometer_republican_party,2020,marstwidowed,-0.5679447887695059,-1.7417825080522635,-1.1738377192827576,0.3206293475760283,FALSE,FALSE
D_evidence_grounded,thermometer_republican_party,2020,marstseparated,-2.349288468956452,-2.14947822266668,0.19981024628977195,0.9410813561038578,FALSE,FALSE
D_evidence_grounded,thermometer_christians,2016,racethblack,1.8768901076350186,-0.2798128979236916,-2.15670300555871,0.38821275257035026,FALSE,FALSE
D_evidence_grounded,thermometer_christians,2016,racethHispanic,0.39354510751352845,-0.06740179009769581,-0.46094689761122426,0.7949958070093089,FALSE,FALSE
D_evidence_grounded,thermometer_christians,2016,age,2.6107058583291116,2.0085339904314896,-0.602171867897622,0.28968913505208976,FALSE,FALSE
D_evidence_grounded,thermometer_christians,2016,gendermale,-3.789071530053655,0.0017062986136546776,3.7907778286673097,2.1117619501494694e-4,TRUE,TRUE
D_evidence_grounded,thermometer_christians,2016,ideo3Moderate,5.847962941083172,6.116860015150789,0.2688970740676172,0.8536963117495887,FALSE,FALSE
D_evidence_grounded,thermometer_christians,2016,ideo3Conservative,10.609438962049829,10.724843986256694,0.11540502420686494,0.9391524789862913,FALSE,FALSE
D_evidence_grounded,thermometer_christians,2016,pidIndependent,0.9324518001545018,1.5226118418514851,0.5901600416969833,0.6622870483005361,FALSE,FALSE
D_evidence_grounded,thermometer_christians,2016,pidRepublican,5.3489069898862605,9.13832350876577,3.7894165188795106,0.01966426407330476,TRUE,FALSE
D_evidence_grounded,thermometer_christians,2016,income,1.0439148581682165,-0.4813584824369115,-1.525273340605128,0.02295732841445375,TRUE,TRUE
D_evidence_grounded,thermometer_christians,2016,educationSome college,0.0866295436282627,-1.1519360933444258,-1.2385656369726885,0.3966266609183493,FALSE,FALSE
D_evidence_grounded,thermometer_christians,2016,educationBA or more,-0.6038446242385496,-2.096158463845236,-1.4923138396066862,0.29656346008196266,FALSE,FALSE
D_evidence_grounded,thermometer_christians,2016,regisunregistered,-3.512482084959449,-1.0382317770370668,2.4742503079223823,0.26053612545234517,FALSE,FALSE
D_evidence_grounded,thermometer_christians,2016,interestsometimes,-3.7728334768348706,-0.9271384019040685,2.845695074930802,0.35474563279129034,FALSE,FALSE
D_evidence_grounded,thermometer_christians,2016,interestfrequently,-3.405007900468603,-0.7716892966622133,2.63331860380639,0.3934797895958414,FALSE,FALSE
D_evidence_grounded,thermometer_christians,2016,interestregularly,-4.968441618753966,-0.7215381428235474,4.246903475930418,0.161462719613883,FALSE,FALSE
D_evidence_grounded,thermometer_christians,2016,interestalways,-5.097263792079477,-1.02064322326102,4.076620568818457,0.1971921870678493,FALSE,FALSE
D_evidence_grounded,thermometer_christians,2016,marstsingle,0.2557459422243378,-2.8216544994200765,-3.0774004416444143,0.02999092387621937,TRUE,TRUE
D_evidence_grounded,thermometer_christians,2016,marstdivorced,-0.6449846496523501,-2.7611684927955342,-2.116183843143184,0.17015830953046648,FALSE,FALSE
D_evidence_grounded,thermometer_christians,2016,marstwidowed,-1.477715046350483,0.5745835947451616,2.0522986410956445,0.3594039564294481,FALSE,FALSE
D_evidence_grounded,thermometer_christians,2016,marstseparated,1.9123883940684294,-0.6015376091928175,-2.513926003261247,0.3739670566822938,FALSE,FALSE
D_evidence_grounded,thermometer_christians,2020,racethblack,11.048249592044003,-0.9735841519260262,-12.02183374397003,1.8144282085420847e-17,TRUE,TRUE
D_evidence_grounded,thermometer_christians,2020,racethHispanic,1.8809165160987942,-0.4504042669720636,-2.3313207830708578,0.05587723375135069,FALSE,FALSE
D_evidence_grounded,thermometer_christians,2020,age,3.948572798233488,1.8964547773575307,-2.0521180208759575,3.1248622592180947e-7,TRUE,FALSE
D_evidence_grounded,thermometer_christians,2020,gendermale,-3.8776749597673614,-0.1637109124313718,3.7139640473359896,2.3852921949640924e-8,TRUE,FALSE
D_evidence_grounded,thermometer_christians,2020,ideo3Moderate,9.8273277212022,6.289897955320218,-3.537429765881982,5.004602209926969e-4,TRUE,FALSE
D_evidence_grounded,thermometer_christians,2020,ideo3Conservative,17.98792583114151,11.35456170995748,-6.63336412118403,1.174168369414462e-9,TRUE,FALSE
D_evidence_grounded,thermometer_christians,2020,pidIndependent,-1.6487797730910234,1.0063573740507588,2.655137147141782,0.00737442244338723,TRUE,TRUE
D_evidence_grounded,thermometer_christians,2020,pidRepublican,6.738668571026498,8.495765472529412,1.7570969015029132,0.1306109490553794,FALSE,FALSE
D_evidence_grounded,thermometer_christians,2020,income,-0.11791355724379993,-0.38177898424225964,-0.2638654269984597,0.47015947823498716,FALSE,FALSE
D_evidence_grounded,thermometer_christians,2020,educationSome college,-0.1032412689211396,-0.910125059494324,-0.8068837905731844,0.38580463075199833,FALSE,FALSE
D_evidence_grounded,thermometer_christians,2020,educationBA or more,-0.5016105139311252,-2.0878157597809697,-1.5862052458498443,0.060014845969964134,FALSE,FALSE
D_evidence_grounded,thermometer_christians,2020,regisunregistered,-1.0076687944061744,-0.701321882682885,0.30634691172328943,0.8918082257464333,FALSE,FALSE
D_evidence_grounded,thermometer_christians,2020,interestsometimes,-3.728233503841918,-0.971523965332393,2.756709538509525,0.5451124148125016,FALSE,FALSE
D_evidence_grounded,thermometer_christians,2020,interestfrequently,-5.05774783837691,-0.4930847877102096,4.5646630506667005,0.31408402436696387,FALSE,FALSE
D_evidence_grounded,thermometer_christians,2020,interestregularly,-4.842095115660518,-0.3288216755204978,4.51327344014002,0.3151428385787426,FALSE,FALSE
D_evidence_grounded,thermometer_christians,2020,interestalways,-6.3204348975965345,-0.8315375072674085,5.488897390329126,0.22390187870422248,FALSE,FALSE
D_evidence_grounded,thermometer_christians,2020,marstsingle,-3.3368677830946347,-2.215918889546382,1.1209488935482526,0.28895122993499994,FALSE,FALSE
D_evidence_grounded,thermometer_christians,2020,marstdivorced,-1.7387776631778014,-1.9861534289024751,-0.2473757657246738,0.8037785814136136,FALSE,FALSE
D_evidence_grounded,thermometer_christians,2020,marstwidowed,-0.31246381257661016,-0.20945335932570908,0.10301045325090108,0.935652225277826,FALSE,FALSE
D_evidence_grounded,thermometer_christians,2020,marstseparated,-2.2042917089243304,-2.071412476907426,0.13287923201690433,0.9590992353686576,FALSE,FALSE
